[
  {
    "id": "fhir-miramedix-docs",
    "type": "ImplementationGuide",
    "url": "http://docs.miramedix.ru/fhir/IG//ImplementationGuide/fhir-miramedix-docs",
    "version": "0.1.0",
    "name": "MiramedixDocsIG"
  },
  {
    "id": "fhir-ru-cs-clinicalstatus",
    "type": "CodeSystem",
    "url": "http://fhir.ru/fhir/CodeSystem/fhir-ru-cs-clinicalstatus",
    "version": "0.1.0",
    "name": "Fhir_ru_cs_clinicalstatus"
  },
  {
    "id": "fhir-ru-cs-identifier-type",
    "type": "CodeSystem",
    "url": "http://fhir.ru/fhir/CodeSystem/fhir-ru-cs-identifier-type",
    "version": "0.1.0",
    "name": "Fhir_ru_cs_identifier_type"
  },
  {
    "id": "fhir-ru-ext-condition-clinicalstatus",
    "type": "StructureDefinition",
    "url": "http://fhir.ru/fhir/Extension/fhir-ru-ext-condition-clinicalstatus",
    "version": "0.1.0",
    "name": "Fhir_ru_ext_condition_clinicalstatus"
  },
  {
    "id": "fhir-ru-ext-condition-histology",
    "type": "StructureDefinition",
    "url": "http://fhir.ru/fhir/Extension/fhir-ru-ext-condition-histology",
    "version": "0.1.0",
    "name": "Fhir_ru_ext_condition_histology"
  },
  {
    "id": "fhir-ru-ext-fias",
    "type": "StructureDefinition",
    "url": "http://fhir.ru/fhir/Extension/fhir-ru-ext-fias",
    "version": "0.1.0",
    "name": "Fhir_ru_ext_fias"
  },
  {
    "id": "fhir-ru-ext-nsi-gender",
    "type": "StructureDefinition",
    "url": "http://fhir.ru/fhir/Extension/fhir-ru-ext-nsi-gender",
    "version": "0.1.0",
    "name": "Fhir_ru_ext_nsi_gender"
  },
  {
    "id": "fhir-ru-address-rucore",
    "type": "StructureDefinition",
    "url": "http://fhir.ru/fhir/StructureDefinition/fhir-ru-address-rucore",
    "version": "0.1.0",
    "name": "Fhir_ru_address_rucore"
  },
  {
    "id": "fhir-ru-bundle-org",
    "type": "StructureDefinition",
    "url": "http://fhir.ru/fhir/StructureDefinition/fhir-ru-bundle-org",
    "version": "0.1.0",
    "name": "Fhir_ru_bundle_org"
  },
  {
    "id": "fhir-ru-condition-nu",
    "type": "StructureDefinition",
    "url": "http://fhir.ru/fhir/StructureDefinition/fhir-ru-condition-nu",
    "version": "0.1.0",
    "name": "Fhir_ru_condition_nu"
  },
  {
    "id": "fhir-ru-observation-nustagingonco",
    "type": "StructureDefinition",
    "url": "http://fhir.ru/fhir/StructureDefinition/fhir-ru-observation-nustagingonco",
    "version": "0.1.0",
    "name": "Fhir_ru_observation_nustagingonco"
  },
  {
    "id": "fhir-ru-observation-tnmm",
    "type": "StructureDefinition",
    "url": "http://fhir.ru/fhir/StructureDefinition/fhir-ru-observation-tnmm",
    "version": "0.1.0",
    "name": "Fhir_ru_observation_tnmm"
  },
  {
    "id": "fhir-ru-observation-tnmn",
    "type": "StructureDefinition",
    "url": "http://fhir.ru/fhir/StructureDefinition/fhir-ru-observation-tnmn",
    "version": "0.1.0",
    "name": "Fhir_ru_observation_tnmn"
  },
  {
    "id": "fhir-ru-observation-tnmt",
    "type": "StructureDefinition",
    "url": "http://fhir.ru/fhir/StructureDefinition/fhir-ru-observation-tnmt",
    "version": "0.1.0",
    "name": "Fhir_ru_observation_tnmt"
  },
  {
    "id": "fhir-ru-organization",
    "type": "StructureDefinition",
    "url": "http://fhir.ru/fhir/StructureDefinition/fhir-ru-organization",
    "version": "0.1.0",
    "name": "Fhir_ru_organization"
  },
  {
    "id": "fhir-ru-organization-division",
    "type": "StructureDefinition",
    "url": "http://fhir.ru/fhir/StructureDefinition/fhir-ru-organization-division",
    "version": "0.1.0",
    "name": "Fhir_ru_organization_division"
  },
  {
    "id": "fhir-ru-patient",
    "type": "StructureDefinition",
    "url": "http://fhir.ru/fhir/StructureDefinition/fhir-ru-patient",
    "version": "0.1.0",
    "name": "Fhir_ru_patient"
  },
  {
    "id": "fhir-ru-patient-gender",
    "type": "StructureDefinition",
    "url": "http://fhir.ru/fhir/StructureDefinition/fhir-ru-patient-gender",
    "version": "0.1.0",
    "name": "Fhir_ru_patient_gender"
  },
  {
    "id": "fhir-ru-vs-clinicalstatus",
    "type": "ValueSet",
    "url": "http://fhir.ru/fhir/ValueSet/fhir-ru-vs-clinicalstatus",
    "version": "0.1.0",
    "name": "Fhir_ru_vs_linicalstatus"
  },
  {
    "id": "fhir-ru-vs-histology",
    "type": "ValueSet",
    "url": "http://fhir.ru/fhir/ValueSet/fhir-ru-vs-histology",
    "version": "0.1.0",
    "name": "Fhir_ru_vs_histology"
  },
  {
    "id": "fhir-ru-vs-patient-identifier-type",
    "type": "ValueSet",
    "url": "http://fhir.ru/fhir/ValueSet/fhir-ru-vs-patient-identifier-type",
    "version": "0.1.0",
    "name": "Fhir_ru_vs_patient_identifier_type"
  },
  {
    "id": "fhir-ru-vs-stagegroup",
    "type": "ValueSet",
    "url": "http://fhir.ru/fhir/ValueSet/fhir-ru-vs-stagegroup",
    "version": "0.1.0",
    "name": "Fhir_ru_vs_stagegroup"
  },
  {
    "id": "fhir-ru-vs-stagetype",
    "type": "ValueSet",
    "url": "http://fhir.ru/fhir/ValueSet/fhir-ru-vs-stagetype",
    "version": "0.1.0",
    "name": "Fhir_ru_vs_stagetype"
  },
  {
    "id": "fhir-ru-vs-stagingsystem",
    "type": "ValueSet",
    "url": "http://fhir.ru/fhir/ValueSet/fhir-ru-vs-stagingsystem",
    "version": "0.1.0",
    "name": "Fhir_ru_vs_stagingsystem"
  },
  {
    "id": "fhir-ru-vs-tnmm",
    "type": "ValueSet",
    "url": "http://fhir.ru/fhir/ValueSet/fhir-ru-vs-tnmm",
    "version": "0.1.0",
    "name": "Fhir_ru_vs_tnmm"
  },
  {
    "id": "fhir-ru-vs-tnmn",
    "type": "ValueSet",
    "url": "http://fhir.ru/fhir/ValueSet/fhir-ru-vs-tnmn",
    "version": "0.1.0",
    "name": "Fhir_ru_vs_tnmn"
  },
  {
    "id": "fhir-ru-vs-tnmt",
    "type": "ValueSet",
    "url": "http://fhir.ru/fhir/ValueSet/fhir-ru-vs-tnmt",
    "version": "0.1.0",
    "name": "Fhir_ru_vs_tnmt"
  },
  {
    "id": "nsi-vs-1-2-643-5-1-13-13-11-1002",
    "type": "ValueSet",
    "url": "http://fhir.ru/fhir/ValueSet/nsi-vs-1-2-643-5-1-13-13-11-1002",
    "version": "0.1.0",
    "name": "Nsi_vs_1_2_643_5_1_13_13_11_1002"
  },
  {
    "id": "nsi-vs-1-2-643-5-1-13-13-11-1005",
    "type": "ValueSet",
    "url": "http://fhir.ru/fhir/ValueSet/nsi-vs-1-2-643-5-1-13-13-11-1005",
    "version": "0.1.0",
    "name": "Nsi_vs_1_2_643_5_1_13_13_11_1005"
  },
  {
    "id": "nsi-vs-1-2-643-5-1-13-13-11-1035",
    "type": "ValueSet",
    "url": "http://fhir.ru/fhir/ValueSet/nsi-vs-1-2-643-5-1-13-13-11-1035",
    "version": "0.1.0",
    "name": "Nsi_vs_1_2_643_5_1_13_13_11_1035"
  },
  {
    "id": "nsi-vs-1-2-643-5-1-13-13-11-1040",
    "type": "ValueSet",
    "url": "http://fhir.ru/fhir/ValueSet/nsi-vs-1-2-643-5-1-13-13-11-1040",
    "version": "0.1.0",
    "name": "Nsi_vs_1_2_643_5_1_13_13_11_1040"
  },
  {
    "id": "nsi-vs-1-2-643-5-1-13-13-11-1066",
    "type": "ValueSet",
    "url": "http://fhir.ru/fhir/ValueSet/nsi-vs-1-2-643-5-1-13-13-11-1066",
    "version": "0.1.0",
    "name": "Nsi_vs_1_2_643_5_1_13_13_11_1066"
  },
  {
    "id": "nsi-vs-1-2-643-5-1-13-13-11-1077",
    "type": "ValueSet",
    "url": "http://fhir.ru/fhir/ValueSet/nsi-vs-1-2-643-5-1-13-13-11-1077",
    "version": "0.1.0",
    "name": "Nsi_vs_1_2_643_5_1_13_13_11_1077"
  },
  {
    "id": "nsi-vs-1-2-643-5-1-13-13-11-1506",
    "type": "ValueSet",
    "url": "http://fhir.ru/fhir/ValueSet/nsi-vs-1-2-643-5-1-13-13-11-1506",
    "version": "0.1.0",
    "name": "Nsi_vs_1_2_643_5_1_13_13_11_1506"
  },
  {
    "id": "nsi-cs-1-2-643-5-1-13-13-11-1002",
    "type": "CodeSystem",
    "url": "https://nsi.rosminzdrav.ru/#!/refbook/1.2.643.5.1.13.13.11.1002",
    "version": "7.4",
    "name": "Nsi_cs_1_2_643_5_1_13_13_11_1002",
    "oids": [
      "1.2.643.5.1.13.13.11.1002"
    ]
  },
  {
    "id": "nsi-cs-1-2-643-5-1-13-13-11-1005",
    "type": "CodeSystem",
    "url": "https://nsi.rosminzdrav.ru/#!/refbook/1.2.643.5.1.13.13.11.1005",
    "version": "2.19",
    "name": "Nsi_cs_1_2_643_5_1_13_13_11_1005",
    "oids": [
      "1.2.643.5.1.13.13.11.1005"
    ]
  },
  {
    "id": "nsi-cs-1-2-643-5-1-13-13-11-1035",
    "type": "CodeSystem",
    "url": "https://nsi.rosminzdrav.ru/#!/refbook/1.2.643.5.1.13.13.11.1035",
    "version": "1.3",
    "name": "Nsi_cs_1_2_643_5_1_13_13_11_1035",
    "oids": [
      "1.2.643.5.1.13.13.11.1035"
    ]
  },
  {
    "id": "nsi-cs-1-2-643-5-1-13-13-11-1040",
    "type": "CodeSystem",
    "url": "https://nsi.rosminzdrav.ru/#!/refbook/1.2.643.5.1.13.13.11.1040",
    "version": "2.1",
    "name": "Nsi_cs_1_2_643_5_1_13_13_11_1040",
    "oids": [
      "1.2.643.5.1.13.13.11.1040"
    ]
  },
  {
    "id": "nsi-cs-1-2-643-5-1-13-13-11-1066",
    "type": "CodeSystem",
    "url": "https://nsi.rosminzdrav.ru/#!/refbook/1.2.643.5.1.13.13.11.1066",
    "version": "5.3",
    "name": "Nsi_cs_1_2_643_5_1_13_13_11_1066",
    "oids": [
      "1.2.643.5.1.13.13.11.1066"
    ]
  },
  {
    "id": "nsi-cs-1-2-643-5-1-13-13-11-1077",
    "type": "CodeSystem",
    "url": "https://nsi.rosminzdrav.ru/#!/refbook/1.2.643.5.1.13.13.11.1077",
    "version": "1.3",
    "name": "Nsi_cs_1_2_643_5_1_13_13_11_1077",
    "oids": [
      "1.2.643.5.1.13.13.11.1077"
    ]
  },
  {
    "id": "nsi-cs-1-2-643-5-1-13-13-11-1506",
    "type": "CodeSystem",
    "url": "https://nsi.rosminzdrav.ru/#!/refbook/1.2.643.5.1.13.13.11.1506",
    "version": "1.3",
    "name": "Nsi_cs_1_2_643_5_1_13_13_11_1506",
    "oids": [
      "1.2.643.5.1.13.13.11.1506"
    ]
  }
]