[
  {
    "id": "fhir-miramedix-docs",
    "type": "ImplementationGuide",
    "url": "http://docs.miramedix.ru/fhir/IG//ImplementationGuide/fhir-miramedix-docs",
    "version": "0.1.0",
    "name": "MiramedixDocsIG"
  },
  {
    "id": "mmdx-cs-identifier-type",
    "type": "CodeSystem",
    "url": "http://miramedix.ru/fhir/CodeSystem/mmdx-cs-identifier-type",
    "version": "0.1.0",
    "name": "Mmdx_cs_identifier_type"
  },
  {
    "id": "mmdx-ext-condition-histology",
    "type": "StructureDefinition",
    "url": "http://miramedix.ru/fhir/Extension/mmdx-ext-condition-histology",
    "version": "0.1.0",
    "name": "Mmdx_ext_condition_histology"
  },
  {
    "id": "mmdx-ext-nsi-gender",
    "type": "StructureDefinition",
    "url": "http://miramedix.ru/fhir/Extension/mmdx-ext-nsi-gender",
    "version": "0.1.0",
    "name": "Mmdx_ext_nsi_gender"
  },
  {
    "id": "mmdx-bundle-org",
    "type": "StructureDefinition",
    "url": "http://miramedix.ru/fhir/StructureDefinition/mmdx-bundle-org",
    "version": "0.1.0",
    "name": "Mmdx_bundle_org"
  },
  {
    "id": "mmdx-condition-nu",
    "type": "StructureDefinition",
    "url": "http://miramedix.ru/fhir/StructureDefinition/mmdx-condition-nu",
    "version": "0.1.0",
    "name": "Mmdx_condition_nu"
  },
  {
    "id": "mmdx-observation-nustagingonco",
    "type": "StructureDefinition",
    "url": "http://miramedix.ru/fhir/StructureDefinition/mmdx-observation-nustagingonco",
    "version": "0.1.0",
    "name": "Mmdx_observation_nustagingonco"
  },
  {
    "id": "mmdx-observation-tnmm",
    "type": "StructureDefinition",
    "url": "http://miramedix.ru/fhir/StructureDefinition/mmdx-observation-tnmm",
    "version": "0.1.0",
    "name": "Mmdx_observation_tnmm"
  },
  {
    "id": "mmdx-observation-tnmn",
    "type": "StructureDefinition",
    "url": "http://miramedix.ru/fhir/StructureDefinition/mmdx-observation-tnmn",
    "version": "0.1.0",
    "name": "Mmdx_observation_tnmn"
  },
  {
    "id": "mmdx-observation-tnmt",
    "type": "StructureDefinition",
    "url": "http://miramedix.ru/fhir/StructureDefinition/mmdx-observation-tnmt",
    "version": "0.1.0",
    "name": "Mmdx_observation_tnmt"
  },
  {
    "id": "mmdx-organization",
    "type": "StructureDefinition",
    "url": "http://miramedix.ru/fhir/StructureDefinition/mmdx-organization",
    "version": "0.1.0",
    "name": "Mmdx_organization"
  },
  {
    "id": "mmdx-organization-division",
    "type": "StructureDefinition",
    "url": "http://miramedix.ru/fhir/StructureDefinition/mmdx-organization-division",
    "version": "0.1.0",
    "name": "Mmdx_organization_division"
  },
  {
    "id": "mmdx-patient",
    "type": "StructureDefinition",
    "url": "http://miramedix.ru/fhir/StructureDefinition/mmdx-patient",
    "version": "0.1.0",
    "name": "Mmdx_patient"
  },
  {
    "id": "mmdx-vs-histology",
    "type": "ValueSet",
    "url": "http://miramedix.ru/fhir/ValueSet/mmdx-vs-mmdx-vs-histology",
    "version": "0.1.0",
    "name": "Mmdx_vs_histology"
  },
  {
    "id": "mmdx-vs-patient-identifier-type",
    "type": "ValueSet",
    "url": "http://miramedix.ru/fhir/ValueSet/mmdx-vs-patient-identifier-type",
    "version": "0.1.0",
    "name": "Mmdx_vs_patient_identifier_type"
  },
  {
    "id": "mmdx-vs-stagegroup",
    "type": "ValueSet",
    "url": "http://miramedix.ru/fhir/ValueSet/mmdx-vs-stagegroup",
    "version": "0.1.0",
    "name": "Mmdx_vs_stagegroup"
  },
  {
    "id": "mmdx-vs-stagetype",
    "type": "ValueSet",
    "url": "http://miramedix.ru/fhir/ValueSet/mmdx-vs-stagetype",
    "version": "0.1.0",
    "name": "Mmdx_vs_stagetype"
  },
  {
    "id": "mmdx-vs-stagingsystem",
    "type": "ValueSet",
    "url": "http://miramedix.ru/fhir/ValueSet/mmdx-vs-stagingsystem",
    "version": "0.1.0",
    "name": "Mmdx_vs_stagingsystem"
  },
  {
    "id": "mmdx-vs-tnmm",
    "type": "ValueSet",
    "url": "http://miramedix.ru/fhir/ValueSet/mmdx-vs-tnmm",
    "version": "0.1.0",
    "name": "Mmdx_vs_tnmm"
  },
  {
    "id": "mmdx-vs-tnmn",
    "type": "ValueSet",
    "url": "http://miramedix.ru/fhir/ValueSet/mmdx-vs-tnmn",
    "version": "0.1.0",
    "name": "Mmdx_vs_tnmn"
  },
  {
    "id": "mmdx-vs-tnmt",
    "type": "ValueSet",
    "url": "http://miramedix.ru/fhir/ValueSet/mmdx-vs-tnmt",
    "version": "0.1.0",
    "name": "Mmdx_vs_tnmt"
  },
  {
    "id": "nsi-vs-1-2-643-5-1-13-13-11-1002",
    "type": "ValueSet",
    "url": "http://miramedix.ru/fhir/ValueSet/nsi-vs-1002",
    "version": "0.1.0",
    "name": "Nsi_vs_1_2_643_5_1_13_13_11_1002"
  },
  {
    "id": "nsi-vs-1-2-643-5-1-13-13-11-1005",
    "type": "ValueSet",
    "url": "http://miramedix.ru/fhir/ValueSet/nsi-vs-1005",
    "version": "0.1.0",
    "name": "Nsi_vs_1_2_643_5_1_13_13_11_1005"
  },
  {
    "id": "nsi-vs-1-2-643-5-1-13-13-11-1035",
    "type": "ValueSet",
    "url": "http://miramedix.ru/fhir/ValueSet/nsi-vs-1035",
    "version": "0.1.0",
    "name": "Nsi_vs_1_2_643_5_1_13_13_11_1035"
  },
  {
    "id": "nsi-vs-1-2-643-5-1-13-13-11-1040",
    "type": "ValueSet",
    "url": "http://miramedix.ru/fhir/ValueSet/nsi-vs-1040",
    "version": "0.1.0",
    "name": "Nsi_vs_1_2_643_5_1_13_13_11_1040"
  },
  {
    "id": "nsi-vs-1-2-643-5-1-13-13-11-1066",
    "type": "ValueSet",
    "url": "http://miramedix.ru/fhir/ValueSet/nsi-vs-1066",
    "version": "0.1.0",
    "name": "Nsi_vs_1_2_643_5_1_13_13_11_1066"
  },
  {
    "id": "nsi-vs-1-2-643-5-1-13-13-11-1077",
    "type": "ValueSet",
    "url": "http://miramedix.ru/fhir/ValueSet/nsi-vs-1077",
    "version": "0.1.0",
    "name": "Nsi_vs_1_2_643_5_1_13_13_11_1077"
  },
  {
    "id": "nsi-vs-1-2-643-5-1-13-13-11-1506",
    "type": "ValueSet",
    "url": "http://miramedix.ru/fhir/ValueSet/nsi-vs-1506",
    "version": "0.1.0",
    "name": "Nsi_vs_1_2_643_5_1_13_13_11_1506"
  },
  {
    "id": "nsi-cs-1-2-643-5-1-13-13-11-1002",
    "type": "CodeSystem",
    "url": "https://nsi.rosminzdrav.ru/#!/refbook/1.2.643.5.1.13.13.11.1002",
    "version": "7.4",
    "name": "Nsi_cs_1_2_643_5_1_13_13_11_1002",
    "oids": [
      "1.2.643.5.1.13.13.11.1002"
    ]
  },
  {
    "id": "nsi-cs-1-2-643-5-1-13-13-11-1005",
    "type": "CodeSystem",
    "url": "https://nsi.rosminzdrav.ru/#!/refbook/1.2.643.5.1.13.13.11.1005",
    "version": "2.19",
    "name": "Nsi_cs_1_2_643_5_1_13_13_11_1005",
    "oids": [
      "1.2.643.5.1.13.13.11.1005"
    ]
  },
  {
    "id": "nsi-cs-1-2-643-5-1-13-13-11-1035",
    "type": "CodeSystem",
    "url": "https://nsi.rosminzdrav.ru/#!/refbook/1.2.643.5.1.13.13.11.1035",
    "version": "1.3",
    "name": "Nsi_cs_1_2_643_5_1_13_13_11_1035",
    "oids": [
      "1.2.643.5.1.13.13.11.1035"
    ]
  },
  {
    "id": "nsi-cs-1-2-643-5-1-13-13-11-1040",
    "type": "CodeSystem",
    "url": "https://nsi.rosminzdrav.ru/#!/refbook/1.2.643.5.1.13.13.11.1040",
    "version": "2.1",
    "name": "Nsi_cs_1_2_643_5_1_13_13_11_1040",
    "oids": [
      "1.2.643.5.1.13.13.11.1040"
    ]
  },
  {
    "id": "nsi-cs-1-2-643-5-1-13-13-11-1066",
    "type": "CodeSystem",
    "url": "https://nsi.rosminzdrav.ru/#!/refbook/1.2.643.5.1.13.13.11.1066",
    "version": "5.3",
    "name": "Nsi_cs_1_2_643_5_1_13_13_11_1066",
    "oids": [
      "1.2.643.5.1.13.13.11.1066"
    ]
  },
  {
    "id": "nsi-cs-1-2-643-5-1-13-13-11-1077",
    "type": "CodeSystem",
    "url": "https://nsi.rosminzdrav.ru/#!/refbook/1.2.643.5.1.13.13.11.1077",
    "version": "1.3",
    "name": "Nsi_cs_1_2_643_5_1_13_13_11_1077",
    "oids": [
      "1.2.643.5.1.13.13.11.1077"
    ]
  },
  {
    "id": "nsi-cs-1-2-643-5-1-13-13-11-1506",
    "type": "CodeSystem",
    "url": "https://nsi.rosminzdrav.ru/#!/refbook/1.2.643.5.1.13.13.11.1506",
    "version": "1.3",
    "name": "Nsi_cs_1_2_643_5_1_13_13_11_1506",
    "oids": [
      "1.2.643.5.1.13.13.11.1506"
    ]
  }
]