[
  {
    "id": "fhir-miramedix-docs",
    "type": "ImplementationGuide",
    "url": "http://docs.miramedix.ru/fhir/IG//ImplementationGuide/fhir-miramedix-docs",
    "version": "0.1.0",
    "name": "MiramedixDocsIG"
  },
  {
    "id": "miramedix-demo-bundle-org",
    "type": "StructureDefinition",
    "url": "http://miramedix.ru/fhir/StructureDefinition/miramedix-demo-bundle-org",
    "version": "0.1.0",
    "name": "Miramedix_demo_bundle_org"
  },
  {
    "id": "miramedix-demo-organization",
    "type": "StructureDefinition",
    "url": "http://miramedix.ru/fhir/StructureDefinition/miramedix-demo-organization",
    "version": "0.1.0",
    "name": "Miramedix_demo_organization"
  },
  {
    "id": "miramedix-demo-organization-division",
    "type": "StructureDefinition",
    "url": "http://miramedix.ru/fhir/StructureDefinition/miramedix-demo-organization-division",
    "version": "0.1.0",
    "name": "Miramedix_demo_organization_division"
  }
]