<?xml version="1.0" encoding="UTF-8"?>

<CodeSystem xmlns="http://hl7.org/fhir">
  <id value="fhir-ru-cs-clinicalstatus"/>
  <text>
    <status value="generated"/><div xmlns="http://www.w3.org/1999/xhtml"><p>This code system http://fhir.ru/fhir/CodeSystem/fhir-ru-cs-clinicalstatus defines the following codes:</p><table class="codes"><tr><td><b>Lvl</b></td><td style="white-space:nowrap"><b>Code</b></td><td><b>Display</b></td><td><b>Definition</b></td></tr><tr><td>1</td><td style="white-space:nowrap">active<a name="fhir-ru-cs-clinicalstatus-active"> </a></td><td>активное</td><td>The subject is currently experiencing the symptoms of the condition or there is evidence of the condition.</td></tr><tr><td>2</td><td style="white-space:nowrap">  recurrence<a name="fhir-ru-cs-clinicalstatus-recurrence"> </a></td><td>рекуррентное</td><td>The subject is experiencing a re-occurence or repeating of a previously resolved condition, e.g. urinary tract infection, pancreatitis, cholangitis, conjunctivitis.</td></tr><tr><td>2</td><td style="white-space:nowrap">  relapse<a name="fhir-ru-cs-clinicalstatus-relapse"> </a></td><td>рецидив</td><td>The subject is experiencing a return of a condition, or signs and symptoms after a period of improvement or remission, e.g. relapse of cancer, multiple sclerosis, rheumatoid arthritis, systemic lupus erythematosus, bipolar disorder, [psychotic relapse of] schizophrenia, etc.</td></tr><tr><td>1</td><td style="white-space:nowrap">inactive<a name="fhir-ru-cs-clinicalstatus-inactive"> </a></td><td>неактивное</td><td>The subject is no longer experiencing the symptoms of the condition or there is no longer evidence of the condition.</td></tr><tr><td>2</td><td style="white-space:nowrap">  remission<a name="fhir-ru-cs-clinicalstatus-remission"> </a></td><td>ремиссия</td><td>The subject is no longer experiencing the symptoms of the condition, but there is a risk of the symptoms returning.</td></tr><tr><td>2</td><td style="white-space:nowrap">  resolved<a name="fhir-ru-cs-clinicalstatus-resolved"> </a></td><td>перенесённое</td><td>The subject is no longer experiencing the symptoms of the condition and there is a negligible perceived risk of the symptoms returning.</td></tr></table></div>
  </text>
  <url value="http://fhir.ru/fhir/CodeSystem/fhir-ru-cs-clinicalstatus"/>
  <version value="0.1.0"/>
  <name value="Fhir_ru_cs_clinicalstatus"/>
  <title value="Справочник клинических статусов [РФ]"/>
  <status value="active"/>
  <date value="2022-03-10T17:36:05+03:00"/>
  <description value="Справочник клинических статусов [РФ]."/>
  <content value="complete"/>
  <count value="6"/>
  <concept>
    <code value="active"/>
    <display value="активное"/>
    <definition value="The subject is currently experiencing the symptoms of the condition or there is evidence of the condition."/>
    <concept>
      <code value="recurrence"/>
      <display value="рекуррентное"/>
      <definition value="The subject is experiencing a re-occurence or repeating of a previously resolved condition, e.g. urinary tract infection, pancreatitis, cholangitis, conjunctivitis."/>
    </concept>
    <concept>
      <code value="relapse"/>
      <display value="рецидив"/>
      <definition value="The subject is experiencing a return of a condition, or signs and symptoms after a period of improvement or remission, e.g. relapse of cancer, multiple sclerosis, rheumatoid arthritis, systemic lupus erythematosus, bipolar disorder, [psychotic relapse of] schizophrenia, etc."/>
    </concept>
  </concept>
  <concept>
    <code value="inactive"/>
    <display value="неактивное"/>
    <definition value="The subject is no longer experiencing the symptoms of the condition or there is no longer evidence of the condition."/>
    <concept>
      <code value="remission"/>
      <display value="ремиссия"/>
      <definition value="The subject is no longer experiencing the symptoms of the condition, but there is a risk of the symptoms returning."/>
    </concept>
    <concept>
      <code value="resolved"/>
      <display value="перенесённое"/>
      <definition value="The subject is no longer experiencing the symptoms of the condition and there is a negligible perceived risk of the symptoms returning."/>
    </concept>
  </concept>
</CodeSystem>