{
  "resourceType": "CodeSystem",
  "id": "nsi-cs-1-2-643-5-1-13-13-99-2-778",
  "text": {
    "status": "generated",
    "div": "<div xmlns=\"http://www.w3.org/1999/xhtml\"><p>This code system https://nsi.rosminzdrav.ru/#!/refbook/1.2.643.5.1.13.13.99.2.778 defines the following codes:</p><table class=\"codes\"><tr><td style=\"white-space:nowrap\"><b>Code</b></td><td><b>Display</b></td></tr><tr><td style=\"white-space:nowrap\">1<a name=\"nsi-cs-1-2-643-5-1-13-13-99-2-778-1\"> </a></td><td>Слева</td></tr><tr><td style=\"white-space:nowrap\">2<a name=\"nsi-cs-1-2-643-5-1-13-13-99-2-778-2\"> </a></td><td>Справа</td></tr><tr><td style=\"white-space:nowrap\">3<a name=\"nsi-cs-1-2-643-5-1-13-13-99-2-778-3\"> </a></td><td>С двух сторон</td></tr></table></div>"
  },
  "url": "https://nsi.rosminzdrav.ru/#!/refbook/1.2.643.5.1.13.13.99.2.778",
  "identifier": [
    {
      "system": "urn:ietf:rfc:3986",
      "value": "urn:oid:1.2.643.5.1.13.13.99.2.778"
    }
  ],
  "version": "1.1",
  "name": "Nsi_cs_1_2_643_5_1_13_13_99_2_778",
  "title": "Латеральность",
  "status": "active",
  "date": "2022-04-27T17:36:36+03:00",
  "contact": [
    {
      "name": "см. паспорт справочника на ФНСИ",
      "telecom": [
        {
          "system": "email",
          "value": "см. паспорт справочника на ФНСИ"
        }
      ]
    }
  ],
  "description": "Справочник ФНСИ:  \n'Латеральность'  \nверсия '1.1'  \n[1.2.643.5.1.13.13.99.2.778](https://nsi.rosminzdrav.ru/#!/refbook/1.2.643.5.1.13.13.99.2.778/version/1.1)",
  "content": "complete",
  "count": 3,
  "concept": [
    {
      "code": "1",
      "display": "Слева"
    },
    {
      "code": "2",
      "display": "Справа"
    },
    {
      "code": "3",
      "display": "С двух сторон"
    }
  ]
}