{
  "resourceType": "ImplementationGuide",
  "id": "fhir-miramedix-docs",
  "text": {
    "status": "extensions",
    "div": "<div xmlns=\"http://www.w3.org/1999/xhtml\"><h2>MiramedixDocsIG</h2><p>The official URL for this implementation guide is: </p><pre>http://docs.miramedix.ru/fhir/IG//ImplementationGuide/fhir-miramedix-docs</pre><div><p>Miramedix docs IG</p>\n</div></div>"
  },
  "url": "http://docs.miramedix.ru/fhir/IG//ImplementationGuide/fhir-miramedix-docs",
  "version": "0.1.0",
  "name": "MiramedixDocsIG",
  "title": "HL7 FHIR Implementation Guide: Miramedix docs IG Release 1 - RU Realm | STU1",
  "status": "draft",
  "date": "2022-03-10T17:36:05+03:00",
  "description": "Miramedix docs IG",
  "packageId": "fhir-miramedix-docs",
  "license": "CC0-1.0",
  "fhirVersion": [
    "4.0.1"
  ],
  "definition": {
    "extension": [
      {
        "extension": [
          {
            "url": "code",
            "valueString": "copyrightyear"
          },
          {
            "url": "value",
            "valueString": "2021+"
          }
        ],
        "url": "http://hl7.org/fhir/tools/StructureDefinition/ig-parameter"
      },
      {
        "extension": [
          {
            "url": "code",
            "valueString": "releaselabel"
          },
          {
            "url": "value",
            "valueString": "ci-build"
          }
        ],
        "url": "http://hl7.org/fhir/tools/StructureDefinition/ig-parameter"
      },
      {
        "extension": [
          {
            "url": "code",
            "valueString": "apply-version"
          },
          {
            "url": "value",
            "valueString": "false"
          }
        ],
        "url": "http://hl7.org/fhir/tools/StructureDefinition/ig-parameter"
      },
      {
        "extension": [
          {
            "url": "code",
            "valueString": "path-liquid"
          },
          {
            "url": "value",
            "valueString": "template/liquid"
          }
        ],
        "url": "http://hl7.org/fhir/tools/StructureDefinition/ig-parameter"
      },
      {
        "extension": [
          {
            "url": "code",
            "valueString": "path-liquid"
          },
          {
            "url": "value",
            "valueString": "input/liquid"
          }
        ],
        "url": "http://hl7.org/fhir/tools/StructureDefinition/ig-parameter"
      },
      {
        "extension": [
          {
            "url": "code",
            "valueString": "path-qa"
          },
          {
            "url": "value",
            "valueString": "temp/qa"
          }
        ],
        "url": "http://hl7.org/fhir/tools/StructureDefinition/ig-parameter"
      },
      {
        "extension": [
          {
            "url": "code",
            "valueString": "path-temp"
          },
          {
            "url": "value",
            "valueString": "temp/pages"
          }
        ],
        "url": "http://hl7.org/fhir/tools/StructureDefinition/ig-parameter"
      },
      {
        "extension": [
          {
            "url": "code",
            "valueString": "path-output"
          },
          {
            "url": "value",
            "valueString": "output"
          }
        ],
        "url": "http://hl7.org/fhir/tools/StructureDefinition/ig-parameter"
      },
      {
        "extension": [
          {
            "url": "code",
            "valueString": "path-suppressed-warnings"
          },
          {
            "url": "value",
            "valueString": "input/ignoreWarnings.txt"
          }
        ],
        "url": "http://hl7.org/fhir/tools/StructureDefinition/ig-parameter"
      },
      {
        "extension": [
          {
            "url": "code",
            "valueString": "path-history"
          },
          {
            "url": "value",
            "valueString": "http://docs.miramedix.ru/fhir/IG//history.html"
          }
        ],
        "url": "http://hl7.org/fhir/tools/StructureDefinition/ig-parameter"
      },
      {
        "extension": [
          {
            "url": "code",
            "valueString": "template-html"
          },
          {
            "url": "value",
            "valueString": "template-page.html"
          }
        ],
        "url": "http://hl7.org/fhir/tools/StructureDefinition/ig-parameter"
      },
      {
        "extension": [
          {
            "url": "code",
            "valueString": "template-md"
          },
          {
            "url": "value",
            "valueString": "template-page-md.html"
          }
        ],
        "url": "http://hl7.org/fhir/tools/StructureDefinition/ig-parameter"
      },
      {
        "extension": [
          {
            "url": "code",
            "valueString": "apply-contact"
          },
          {
            "url": "value",
            "valueString": "true"
          }
        ],
        "url": "http://hl7.org/fhir/tools/StructureDefinition/ig-parameter"
      },
      {
        "extension": [
          {
            "url": "code",
            "valueString": "apply-context"
          },
          {
            "url": "value",
            "valueString": "true"
          }
        ],
        "url": "http://hl7.org/fhir/tools/StructureDefinition/ig-parameter"
      },
      {
        "extension": [
          {
            "url": "code",
            "valueString": "apply-copyright"
          },
          {
            "url": "value",
            "valueString": "true"
          }
        ],
        "url": "http://hl7.org/fhir/tools/StructureDefinition/ig-parameter"
      },
      {
        "extension": [
          {
            "url": "code",
            "valueString": "apply-jurisdiction"
          },
          {
            "url": "value",
            "valueString": "true"
          }
        ],
        "url": "http://hl7.org/fhir/tools/StructureDefinition/ig-parameter"
      },
      {
        "extension": [
          {
            "url": "code",
            "valueString": "apply-license"
          },
          {
            "url": "value",
            "valueString": "true"
          }
        ],
        "url": "http://hl7.org/fhir/tools/StructureDefinition/ig-parameter"
      },
      {
        "extension": [
          {
            "url": "code",
            "valueString": "apply-publisher"
          },
          {
            "url": "value",
            "valueString": "true"
          }
        ],
        "url": "http://hl7.org/fhir/tools/StructureDefinition/ig-parameter"
      },
      {
        "extension": [
          {
            "url": "code",
            "valueString": "active-tables"
          },
          {
            "url": "value",
            "valueString": "true"
          }
        ],
        "url": "http://hl7.org/fhir/tools/StructureDefinition/ig-parameter"
      },
      {
        "extension": [
          {
            "url": "code",
            "valueString": "fmm-definition"
          },
          {
            "url": "value",
            "valueString": "http://hl7.org/fhir/versions.html#maturity"
          }
        ],
        "url": "http://hl7.org/fhir/tools/StructureDefinition/ig-parameter"
      },
      {
        "extension": [
          {
            "url": "code",
            "valueString": "propagate-status"
          },
          {
            "url": "value",
            "valueString": "true"
          }
        ],
        "url": "http://hl7.org/fhir/tools/StructureDefinition/ig-parameter"
      }
    ],
    "resource": [
      {
        "extension": [
          {
            "url": "http://hl7.org/fhir/tools/StructureDefinition/resource-information",
            "valueString": "StructureDefinition:complex-type"
          }
        ],
        "reference": {
          "reference": "StructureDefinition/fhir-ru-address-rucore"
        },
        "name": "Адрес РФ (ru-core)",
        "description": "Адрес РФ (ru-core).",
        "exampleBoolean": false
      },
      {
        "extension": [
          {
            "url": "http://hl7.org/fhir/tools/StructureDefinition/resource-information",
            "valueString": "StructureDefinition:resource"
          }
        ],
        "reference": {
          "reference": "StructureDefinition/fhir-ru-bundle-org"
        },
        "name": "Бандл для передачи данных об организации",
        "description": "Бандл для передачи данных об организации.",
        "exampleBoolean": false
      },
      {
        "extension": [
          {
            "url": "http://hl7.org/fhir/tools/StructureDefinition/resource-information",
            "valueString": "StructureDefinition:resource"
          }
        ],
        "reference": {
          "reference": "StructureDefinition/fhir-ru-condition-nu"
        },
        "name": "Нозологическая единица",
        "description": "Нозологическая единица.",
        "exampleBoolean": false
      },
      {
        "extension": [
          {
            "url": "http://hl7.org/fhir/tools/StructureDefinition/resource-information",
            "valueString": "StructureDefinition:resource"
          }
        ],
        "reference": {
          "reference": "StructureDefinition/fhir-ru-observation-nustagingonco"
        },
        "name": "Стадирование онкологического заболевания",
        "description": "Стадирование онкологического заболевания.",
        "exampleBoolean": false
      },
      {
        "extension": [
          {
            "url": "http://hl7.org/fhir/tools/StructureDefinition/resource-information",
            "valueString": "StructureDefinition:resource"
          }
        ],
        "reference": {
          "reference": "StructureDefinition/fhir-ru-observation-tnmm"
        },
        "name": "M (metastasis) — наличие отдалённых метастазов",
        "description": "M (metastasis) — наличие отдалённых метастазов.",
        "exampleBoolean": false
      },
      {
        "extension": [
          {
            "url": "http://hl7.org/fhir/tools/StructureDefinition/resource-information",
            "valueString": "StructureDefinition:resource"
          }
        ],
        "reference": {
          "reference": "StructureDefinition/fhir-ru-observation-tnmn"
        },
        "name": "N (nodus) — наличие метастазов в регионарных лимфатических узлах",
        "description": "N (nodus) — наличие метастазов в регионарных лимфатических узлах.",
        "exampleBoolean": false
      },
      {
        "extension": [
          {
            "url": "http://hl7.org/fhir/tools/StructureDefinition/resource-information",
            "valueString": "StructureDefinition:resource"
          }
        ],
        "reference": {
          "reference": "StructureDefinition/fhir-ru-observation-tnmt"
        },
        "name": "T (tumor) — распространённость первичной опухоли",
        "description": "T (tumor) — распространённость первичной опухоли.",
        "exampleBoolean": false
      },
      {
        "extension": [
          {
            "url": "http://hl7.org/fhir/tools/StructureDefinition/resource-information",
            "valueString": "StructureDefinition:resource"
          }
        ],
        "reference": {
          "reference": "StructureDefinition/fhir-ru-organization"
        },
        "name": "Сведения о медицинской организации",
        "description": "Сведения о медицинской организации.",
        "exampleBoolean": false
      },
      {
        "extension": [
          {
            "url": "http://hl7.org/fhir/tools/StructureDefinition/resource-information",
            "valueString": "StructureDefinition:resource"
          }
        ],
        "reference": {
          "reference": "StructureDefinition/fhir-ru-organization-division"
        },
        "name": "Сведения о структурном подразделении",
        "description": "Сведения о структурном подразделении.",
        "exampleBoolean": false
      },
      {
        "extension": [
          {
            "url": "http://hl7.org/fhir/tools/StructureDefinition/resource-information",
            "valueString": "StructureDefinition:resource"
          }
        ],
        "reference": {
          "reference": "StructureDefinition/fhir-ru-patient"
        },
        "name": "Сведения о пациенте",
        "description": "Сведения о пациенте.",
        "exampleBoolean": false
      },
      {
        "extension": [
          {
            "url": "http://hl7.org/fhir/tools/StructureDefinition/resource-information",
            "valueString": "StructureDefinition:resource"
          }
        ],
        "reference": {
          "reference": "StructureDefinition/fhir-ru-patient-gender"
        },
        "name": "Сведения о пациенте (с кодированием пола по справочнику ФНСИ)",
        "description": "Сведения о пациенте (с кодированием пола по справочнику ФНСИ)",
        "exampleBoolean": false
      },
      {
        "extension": [
          {
            "url": "http://hl7.org/fhir/tools/StructureDefinition/resource-information",
            "valueString": "StructureDefinition:extension"
          }
        ],
        "reference": {
          "reference": "StructureDefinition/fhir-ru-ext-condition-clinicalstatus"
        },
        "name": "Русские наименования клинического статуса",
        "description": "Русские наименования клинического статуса.",
        "exampleBoolean": false
      },
      {
        "extension": [
          {
            "url": "http://hl7.org/fhir/tools/StructureDefinition/resource-information",
            "valueString": "StructureDefinition:extension"
          }
        ],
        "reference": {
          "reference": "StructureDefinition/fhir-ru-ext-condition-histology"
        },
        "name": "Гистологическая структура опухоли.",
        "description": "Гистологическая структура опухоли.",
        "exampleBoolean": false
      },
      {
        "extension": [
          {
            "url": "http://hl7.org/fhir/tools/StructureDefinition/resource-information",
            "valueString": "StructureDefinition:extension"
          }
        ],
        "reference": {
          "reference": "StructureDefinition/fhir-ru-ext-fias"
        },
        "name": "Кодирование адреса по ФИАС",
        "description": "Кодирование адреса по ФИАС.",
        "exampleBoolean": false
      },
      {
        "extension": [
          {
            "url": "http://hl7.org/fhir/tools/StructureDefinition/resource-information",
            "valueString": "StructureDefinition:extension"
          }
        ],
        "reference": {
          "reference": "StructureDefinition/fhir-ru-ext-nsi-gender"
        },
        "name": "Кодирование пола по справочнику ФНСИ.",
        "description": "Расширение для кодирования пола по справочнику ФНСИ.",
        "exampleBoolean": false
      },
      {
        "extension": [
          {
            "url": "http://hl7.org/fhir/tools/StructureDefinition/resource-information",
            "valueString": "ValueSet"
          }
        ],
        "reference": {
          "reference": "ValueSet/fhir-ru-vs-histology"
        },
        "name": "Гистологическая структура опухоли",
        "description": "Гистологическая структура опухоли.",
        "exampleBoolean": false
      },
      {
        "extension": [
          {
            "url": "http://hl7.org/fhir/tools/StructureDefinition/resource-information",
            "valueString": "ValueSet"
          }
        ],
        "reference": {
          "reference": "ValueSet/fhir-ru-vs-clinicalstatus"
        },
        "name": "Набор значений клинических статусов [все значения]",
        "description": "Набор значений для указания клинических статусов  \n[набор из всех значений системы кодирования].",
        "exampleBoolean": false
      },
      {
        "extension": [
          {
            "url": "http://hl7.org/fhir/tools/StructureDefinition/resource-information",
            "valueString": "ValueSet"
          }
        ],
        "reference": {
          "reference": "ValueSet/fhir-ru-vs-patient-identifier-type"
        },
        "name": "Набор значений типов идентификаторов пациентов [Мирамедикс]",
        "description": "Набор значений для указания типов идентификаторов пациентов для информационной системы Мирамедикс.",
        "exampleBoolean": false
      },
      {
        "extension": [
          {
            "url": "http://hl7.org/fhir/tools/StructureDefinition/resource-information",
            "valueString": "ValueSet"
          }
        ],
        "reference": {
          "reference": "ValueSet/fhir-ru-vs-stagegroup"
        },
        "name": "Набор значений стадий",
        "description": "Набор значений стадий.",
        "exampleBoolean": false
      },
      {
        "extension": [
          {
            "url": "http://hl7.org/fhir/tools/StructureDefinition/resource-information",
            "valueString": "ValueSet"
          }
        ],
        "reference": {
          "reference": "ValueSet/fhir-ru-vs-stagetype"
        },
        "name": "Набор значений типов стадирования",
        "description": "Набор значений для указания типов стадирования.",
        "exampleBoolean": false
      },
      {
        "extension": [
          {
            "url": "http://hl7.org/fhir/tools/StructureDefinition/resource-information",
            "valueString": "ValueSet"
          }
        ],
        "reference": {
          "reference": "ValueSet/fhir-ru-vs-stagingsystem"
        },
        "name": "Системы стадирования",
        "description": "Системы стадирования.",
        "exampleBoolean": false
      },
      {
        "extension": [
          {
            "url": "http://hl7.org/fhir/tools/StructureDefinition/resource-information",
            "valueString": "ValueSet"
          }
        ],
        "reference": {
          "reference": "ValueSet/fhir-ru-vs-tnmm"
        },
        "name": "TNM Distant Metastases",
        "description": "TNM Distant Metastases.",
        "exampleBoolean": false
      },
      {
        "extension": [
          {
            "url": "http://hl7.org/fhir/tools/StructureDefinition/resource-information",
            "valueString": "ValueSet"
          }
        ],
        "reference": {
          "reference": "ValueSet/fhir-ru-vs-tnmn"
        },
        "name": "TNM Regional Nodes",
        "description": "TNM Regional Nodes.",
        "exampleBoolean": false
      },
      {
        "extension": [
          {
            "url": "http://hl7.org/fhir/tools/StructureDefinition/resource-information",
            "valueString": "ValueSet"
          }
        ],
        "reference": {
          "reference": "ValueSet/fhir-ru-vs-tnmt"
        },
        "name": "TNM Primary Tumor",
        "description": "TNM Primary Tumor.",
        "exampleBoolean": false
      },
      {
        "extension": [
          {
            "url": "http://hl7.org/fhir/tools/StructureDefinition/resource-information",
            "valueString": "ValueSet"
          }
        ],
        "reference": {
          "reference": "ValueSet/nsi-vs-1-2-643-5-1-13-13-11-1002"
        },
        "name": "Должности медицинских и фармацевтических работников [все значения]",
        "description": "'Должности медицинских и фармацевтических работников'  \n[набор из всех значений системы кодирования]",
        "exampleBoolean": false
      },
      {
        "extension": [
          {
            "url": "http://hl7.org/fhir/tools/StructureDefinition/resource-information",
            "valueString": "ValueSet"
          }
        ],
        "reference": {
          "reference": "ValueSet/nsi-vs-1-2-643-5-1-13-13-11-1005"
        },
        "name": "Международная статистическая классификация болезней и проблем, связанных со здоровьем (10-й пересмотр) [все значения]",
        "description": "'Международная статистическая классификация болезней и проблем, связанных со здоровьем (10-й пересмотр)'  \n[набор из всех значений системы кодирования]",
        "exampleBoolean": false
      },
      {
        "extension": [
          {
            "url": "http://hl7.org/fhir/tools/StructureDefinition/resource-information",
            "valueString": "ValueSet"
          }
        ],
        "reference": {
          "reference": "ValueSet/nsi-vs-1-2-643-5-1-13-13-11-1035"
        },
        "name": "Виды полиса обязательного медицинского страхования [все значения]",
        "description": "'Виды полиса обязательного медицинского страхования'  \n[набор из всех значений системы кодирования]",
        "exampleBoolean": false
      },
      {
        "extension": [
          {
            "url": "http://hl7.org/fhir/tools/StructureDefinition/resource-information",
            "valueString": "ValueSet"
          }
        ],
        "reference": {
          "reference": "ValueSet/nsi-vs-1-2-643-5-1-13-13-11-1040"
        },
        "name": "Пол пациента [все значения]",
        "description": "'Пол пациента'  \n[набор из всех значений системы кодирования]",
        "exampleBoolean": false
      },
      {
        "extension": [
          {
            "url": "http://hl7.org/fhir/tools/StructureDefinition/resource-information",
            "valueString": "ValueSet"
          }
        ],
        "reference": {
          "reference": "ValueSet/nsi-vs-1-2-643-5-1-13-13-11-1066"
        },
        "name": "Номенклатура специальностей специалистов, имеющих медицинское и фармацевтическое образование [все значения]",
        "description": "'Номенклатура специальностей специалистов, имеющих медицинское и фармацевтическое образование'  \n[набор из всех значений системы кодирования]",
        "exampleBoolean": false
      },
      {
        "extension": [
          {
            "url": "http://hl7.org/fhir/tools/StructureDefinition/resource-information",
            "valueString": "ValueSet"
          }
        ],
        "reference": {
          "reference": "ValueSet/nsi-vs-1-2-643-5-1-13-13-11-1077"
        },
        "name": "Виды нозологических единиц диагноза [все значения]",
        "description": "'Виды нозологических единиц диагноза'  \n[набор из всех значений системы кодирования]",
        "exampleBoolean": false
      },
      {
        "extension": [
          {
            "url": "http://hl7.org/fhir/tools/StructureDefinition/resource-information",
            "valueString": "ValueSet"
          }
        ],
        "reference": {
          "reference": "ValueSet/nsi-vs-1-2-643-5-1-13-13-11-1506"
        },
        "name": "Цели проведения врачебной комиссии (консилиума врачей) [все значения]",
        "description": "'Цели проведения врачебной комиссии (консилиума врачей)'  \n[набор из всех значений системы кодирования]",
        "exampleBoolean": false
      },
      {
        "extension": [
          {
            "url": "http://hl7.org/fhir/tools/StructureDefinition/resource-information",
            "valueString": "CodeSystem"
          }
        ],
        "reference": {
          "reference": "CodeSystem/fhir-ru-cs-clinicalstatus"
        },
        "name": "Справочник клинических статусов [РФ]",
        "description": "Справочник клинических статусов [РФ].",
        "exampleBoolean": false
      },
      {
        "extension": [
          {
            "url": "http://hl7.org/fhir/tools/StructureDefinition/resource-information",
            "valueString": "CodeSystem"
          }
        ],
        "reference": {
          "reference": "CodeSystem/fhir-ru-cs-identifier-type"
        },
        "name": "Справочник типов идентификаторов [Мирамедикс]",
        "description": "Справочник типов идентификаторов для информационной системы Мирамедикс.",
        "exampleBoolean": false
      },
      {
        "extension": [
          {
            "url": "http://hl7.org/fhir/tools/StructureDefinition/resource-information",
            "valueString": "CodeSystem"
          }
        ],
        "reference": {
          "reference": "CodeSystem/nsi-cs-1-2-643-5-1-13-13-11-1002"
        },
        "name": "Должности медицинских и фармацевтических работников",
        "description": "Справочник ФНСИ:  \n'Должности медицинских и фармацевтических работников'  \nверсия '7.4'  \n[1.2.643.5.1.13.13.11.1002](https://nsi.rosminzdrav.ru/#!/refbook/1.2.643.5.1.13.13.11.1002/version/7.4)",
        "exampleBoolean": false
      },
      {
        "extension": [
          {
            "url": "http://hl7.org/fhir/tools/StructureDefinition/resource-information",
            "valueString": "CodeSystem"
          }
        ],
        "reference": {
          "reference": "CodeSystem/nsi-cs-1-2-643-5-1-13-13-11-1005"
        },
        "name": "Международная статистическая классификация болезней и проблем, связанных со здоровьем (10-й пересмотр)",
        "description": "Справочник ФНСИ:  \n'Международная статистическая классификация болезней и проблем, связанных со здоровьем (10-й пересмотр)'  \nверсия '2.19'  \n[1.2.643.5.1.13.13.11.1005](https://nsi.rosminzdrav.ru/#!/refbook/1.2.643.5.1.13.13.11.1005/version/2.19)  \nПредставлен только фрагмент справочника, полную версию необходимо получить на ФНСИ.",
        "exampleBoolean": false
      },
      {
        "extension": [
          {
            "url": "http://hl7.org/fhir/tools/StructureDefinition/resource-information",
            "valueString": "CodeSystem"
          }
        ],
        "reference": {
          "reference": "CodeSystem/nsi-cs-1-2-643-5-1-13-13-11-1035"
        },
        "name": "Виды полиса обязательного медицинского страхования",
        "description": "Справочник ФНСИ:  \n'Виды полиса обязательного медицинского страхования'  \nверсия '1.3'  \n[1.2.643.5.1.13.13.11.1035](https://nsi.rosminzdrav.ru/#!/refbook/1.2.643.5.1.13.13.11.1035/version/1.3)",
        "exampleBoolean": false
      },
      {
        "extension": [
          {
            "url": "http://hl7.org/fhir/tools/StructureDefinition/resource-information",
            "valueString": "CodeSystem"
          }
        ],
        "reference": {
          "reference": "CodeSystem/nsi-cs-1-2-643-5-1-13-13-11-1040"
        },
        "name": "Пол пациента",
        "description": "Справочник ФНСИ:  \n'Пол пациента'  \nверсия '2.1'  \n[1.2.643.5.1.13.13.11.1040](https://nsi.rosminzdrav.ru/#!/refbook/1.2.643.5.1.13.13.11.1040/version/2.1)",
        "exampleBoolean": false
      },
      {
        "extension": [
          {
            "url": "http://hl7.org/fhir/tools/StructureDefinition/resource-information",
            "valueString": "CodeSystem"
          }
        ],
        "reference": {
          "reference": "CodeSystem/nsi-cs-1-2-643-5-1-13-13-11-1066"
        },
        "name": "Номенклатура специальностей специалистов, имеющих медицинское и фармацевтическое образование",
        "description": "Справочник ФНСИ:  \n'Номенклатура специальностей специалистов, имеющих медицинское и фармацевтическое образование'  \nверсия '5.3'  \n[1.2.643.5.1.13.13.11.1066](https://nsi.rosminzdrav.ru/#!/refbook/1.2.643.5.1.13.13.11.1066/version/5.3)",
        "exampleBoolean": false
      },
      {
        "extension": [
          {
            "url": "http://hl7.org/fhir/tools/StructureDefinition/resource-information",
            "valueString": "CodeSystem"
          }
        ],
        "reference": {
          "reference": "CodeSystem/nsi-cs-1-2-643-5-1-13-13-11-1077"
        },
        "name": "Виды нозологических единиц диагноза",
        "description": "Справочник ФНСИ:  \n'Виды нозологических единиц диагноза'  \nверсия '1.3'  \n[1.2.643.5.1.13.13.11.1077](https://nsi.rosminzdrav.ru/#!/refbook/1.2.643.5.1.13.13.11.1077/version/1.3)",
        "exampleBoolean": false
      },
      {
        "extension": [
          {
            "url": "http://hl7.org/fhir/tools/StructureDefinition/resource-information",
            "valueString": "CodeSystem"
          }
        ],
        "reference": {
          "reference": "CodeSystem/nsi-cs-1-2-643-5-1-13-13-11-1506"
        },
        "name": "Цели проведения врачебной комиссии (консилиума врачей)",
        "description": "Справочник ФНСИ:  \n'Цели проведения врачебной комиссии (консилиума врачей)'  \nверсия '1.3'  \n[1.2.643.5.1.13.13.11.1506](https://nsi.rosminzdrav.ru/#!/refbook/1.2.643.5.1.13.13.11.1506/version/1.3)",
        "exampleBoolean": false
      },
      {
        "extension": [
          {
            "url": "http://hl7.org/fhir/tools/StructureDefinition/resource-information",
            "valueString": "Organization"
          }
        ],
        "reference": {
          "reference": "Organization/6873053d-d859-4ef2-a013-17a6fa1803f2"
        },
        "name": "Пример структурного подразделения - Центр амбулаторной онкологической помощи (ГБУЗ МО ЛОБ)",
        "exampleCanonical": "http://fhir.ru/fhir/StructureDefinition/fhir-ru-organization-division"
      },
      {
        "extension": [
          {
            "url": "http://hl7.org/fhir/tools/StructureDefinition/resource-information",
            "valueString": "Organization"
          }
        ],
        "reference": {
          "reference": "Organization/b8f3071b-1537-40a9-b092-044bdaf69b62"
        },
        "name": "Пример организации - ГБУЗ МО ЛОБ",
        "exampleCanonical": "http://fhir.ru/fhir/StructureDefinition/fhir-ru-organization"
      },
      {
        "extension": [
          {
            "url": "http://hl7.org/fhir/tools/StructureDefinition/resource-information",
            "valueString": "Bundle"
          }
        ],
        "reference": {
          "reference": "Bundle/fhir-ru-bundle-org-instance-lob"
        },
        "name": "Пример бандла - Передача данных об организации",
        "exampleCanonical": "http://fhir.ru/fhir/StructureDefinition/fhir-ru-bundle-org"
      },
      {
        "extension": [
          {
            "url": "http://hl7.org/fhir/tools/StructureDefinition/resource-information",
            "valueString": "Condition"
          }
        ],
        "reference": {
          "reference": "Condition/fhir-ru-condition-nu-instance-1"
        },
        "name": "Пример нозологической единицы - C50.3 Злокачественное новообразование нижневнутреннего квадранта молочной железы",
        "exampleCanonical": "http://fhir.ru/fhir/StructureDefinition/fhir-ru-condition-nu"
      },
      {
        "extension": [
          {
            "url": "http://hl7.org/fhir/tools/StructureDefinition/resource-information",
            "valueString": "Observation"
          }
        ],
        "reference": {
          "reference": "Observation/fhir-ru-observation-nustagingonco-instance-1"
        },
        "name": "Пример стадирование онкологического заболевания",
        "exampleBoolean": true
      },
      {
        "extension": [
          {
            "url": "http://hl7.org/fhir/tools/StructureDefinition/resource-information",
            "valueString": "Observation"
          }
        ],
        "reference": {
          "reference": "Observation/fhir-ru-observation-tnmm-instance-1"
        },
        "name": "Пример стадирование M (metastasis) — наличие отдалённых метастазов",
        "exampleBoolean": true
      },
      {
        "extension": [
          {
            "url": "http://hl7.org/fhir/tools/StructureDefinition/resource-information",
            "valueString": "Observation"
          }
        ],
        "reference": {
          "reference": "Observation/fhir-ru-observation-tnmn-instance-1"
        },
        "name": "Пример стадирование N (nodus) — наличие метастазов в регионарных лимфатических узлах",
        "exampleBoolean": true
      },
      {
        "extension": [
          {
            "url": "http://hl7.org/fhir/tools/StructureDefinition/resource-information",
            "valueString": "Observation"
          }
        ],
        "reference": {
          "reference": "Observation/fhir-ru-observation-tnmt-instance-1"
        },
        "name": "Пример стадирование T (tumor) — распространённость первичной опухоли",
        "exampleBoolean": true
      },
      {
        "extension": [
          {
            "url": "http://hl7.org/fhir/tools/StructureDefinition/resource-information",
            "valueString": "Patient"
          }
        ],
        "reference": {
          "reference": "Patient/fhir-ru-patient-instance-konstantinopolskaya"
        },
        "name": "Пример пациента - Константинопольская Анна Вероника Мамед кызы (короткий пример)",
        "exampleBoolean": true
      },
      {
        "extension": [
          {
            "url": "http://hl7.org/fhir/tools/StructureDefinition/resource-information",
            "valueString": "Patient"
          }
        ],
        "reference": {
          "reference": "Patient/fhir-ru-patient-instance-konstantinopolskaya-2"
        },
        "name": "Пример пациента - Константинопольская Анна Вероника Мамед кызы (полный пример)",
        "exampleCanonical": "http://fhir.ru/fhir/StructureDefinition/fhir-ru-patient"
      },
      {
        "extension": [
          {
            "url": "http://hl7.org/fhir/tools/StructureDefinition/resource-information",
            "valueString": "Patient"
          }
        ],
        "reference": {
          "reference": "Patient/fhir-ru-patient-instance-konstantinopolskaya-gender"
        },
        "name": "Пример пациента - Константинопольская Анна Вероника Мамед кызы (пример с кодированием пола по справочнику ФНСИ)",
        "exampleCanonical": "http://fhir.ru/fhir/StructureDefinition/fhir-ru-patient-gender"
      }
    ],
    "page": {
      "nameUrl": "toc.html",
      "title": "Table of Contents",
      "generation": "html",
      "page": [
        {
          "nameUrl": "index.html",
          "title": "Home",
          "generation": "markdown"
        },
        {
          "nameUrl": "nu.html",
          "title": "Nu",
          "generation": "markdown"
        }
      ]
    },
    "parameter": [
      {
        "code": "path-resource",
        "value": "input/capabilities"
      },
      {
        "code": "path-resource",
        "value": "input/examples"
      },
      {
        "code": "path-resource",
        "value": "input/extensions"
      },
      {
        "code": "path-resource",
        "value": "input/models"
      },
      {
        "code": "path-resource",
        "value": "input/operations"
      },
      {
        "code": "path-resource",
        "value": "input/profiles"
      },
      {
        "code": "path-resource",
        "value": "input/resources"
      },
      {
        "code": "path-resource",
        "value": "input/vocabulary"
      },
      {
        "code": "path-resource",
        "value": "input/maps"
      },
      {
        "code": "path-resource",
        "value": "input/testing"
      },
      {
        "code": "path-resource",
        "value": "input/history"
      },
      {
        "code": "path-resource",
        "value": "fsh-generated/resources"
      },
      {
        "code": "path-pages",
        "value": "template/config"
      },
      {
        "code": "path-pages",
        "value": "input/images"
      },
      {
        "code": "path-tx-cache",
        "value": "input-cache/txcache"
      }
    ]
  }
}