{
  "resourceType": "Organization",
  "id": "6873053d-d859-4ef2-a013-17a6fa1803f2",
  "meta": {
    "profile": [
      "http://miramedix.ru/fhir/StructureDefinition/mmdx-organization-division"
    ]
  },
  "text": {
    "status": "generated",
    "div": "<div xmlns=\"http://www.w3.org/1999/xhtml\"><p><b>Generated Narrative</b></p><p><b>identifier</b>: id: urn:oid:1.2.643.5.1.13.13.12.2.50.11329.0.437329</p><p><b>name</b>: Центр амбулаторной онкологической помощи</p><p><b>address</b>: 142280, г. Люберцы, улица Назарова, д. 3</p><p><b>partOf</b>: <a href=\"Organization-b8f3071b-1537-40a9-b092-044bdaf69b62.html\">Generated Summary: id: urn:oid:1.2.643.5.1.13.13.12.2.50.11329, id: 1195027016480; name: ГОСУДАРСТВЕННОЕ БЮДЖЕТНОЕ УЧРЕЖДЕНИЕ ЗДРАВООХРАНЕНИЯ МОСКОВСКОЙ ОБЛАСТИ \"ЛЮБЕРЕЦКАЯ ОБЛАСТНАЯ БОЛЬНИЦА\"</a></p></div>"
  },
  "identifier": [
    {
      "system": "urn:ietf:rfc:3986",
      "value": "urn:oid:1.2.643.5.1.13.13.12.2.50.11329.0.437329"
    }
  ],
  "name": "Центр амбулаторной онкологической помощи",
  "address": [
    {
      "text": "142280, г. Люберцы, улица Назарова, д. 3",
      "city": "город Пущино",
      "district": "Серпуховской район",
      "state": "50",
      "postalCode": "142280"
    }
  ],
  "partOf": {
    "reference": "Organization/b8f3071b-1537-40a9-b092-044bdaf69b62"
  }
}