"Path","Slice Name","Alias(s)","Label","Min","Max","Must Support?","Is Modifier?","Is Summary?","Type(s)","Short","Definition","Comments","Requirements","Default Value","Meaning When Missing","Fixed Value","Pattern","Example","Minimum Value","Maximum Value","Maximum Length","Binding Strength","Binding Description","Binding Value Set","Code","Slicing Discriminator","Slicing Description","Slicing Ordered","Slicing Rules","Base Path","Base Min","Base Max","Condition(s)","Constraint(s)","Mapping: RIM Mapping"
"family-member","","","",0,*,"","","","","Family Member","A reference to a family member (not necessarily biologically related).","","","","","","","","","",,,,,"",,,,"Base",0,*,"",""
"family-member.human","","","",1,1,"","","Y","Reference {[]} {[CanonicalType[http://docs.miramedix.ru/fhir/IG//StructureDefinition/human-being-logical-model]]}
","Family member","A reference to the human family member","","","","","","","","","",,,,,"",,,,"family-member.human",1,1,"",""
"family-member.biological","","","",0,1,"","","","boolean {[]} {[]}
","Biologically related?","A family member may not be biologically related due to adoption, blended families, etc.","","","","","","","","","",,,,,"",,,,"family-member.biological",0,1,"",""
