{
  "package": "fhir-miramedix-docs",
  "version": "0.1.0",
  "fhirVersion": "4.0.1",
  "extensions": [
    {
      "url": "http://fhir.ru/fhir/Extension/fhir-ru-ext-condition-clinicalstatus",
      "title": "Русские наименования клинического статуса",
      "types": [
        "CodeableConcept"
      ]
    },
    {
      "url": "http://fhir.ru/fhir/Extension/fhir-ru-ext-condition-histology",
      "title": "Гистологическая структура опухоли.",
      "types": [
        "CodeableConcept"
      ]
    },
    {
      "url": "http://fhir.ru/fhir/Extension/fhir-ru-ext-fias",
      "title": "Кодирование адреса по ФИАС",
      "types": [
        "Identifier",
        "Identifier",
        "string",
        "Extension",
        "code",
        "CodeableConcept",
        "uri",
        "string",
        "Period",
        "Reference",
        "Identifier",
        "Identifier",
        "string",
        "Extension",
        "code",
        "CodeableConcept",
        "uri",
        "string",
        "Period",
        "Reference",
        "base64Binary",
        "boolean",
        "canonical",
        "code",
        "date",
        "dateTime",
        "decimal",
        "id",
        "instant",
        "integer",
        "markdown",
        "oid",
        "positiveInt",
        "string",
        "time",
        "unsignedInt",
        "uri",
        "url",
        "uuid",
        "Address",
        "Age",
        "Annotation",
        "Attachment",
        "CodeableConcept",
        "Coding",
        "ContactPoint",
        "Count",
        "Distance",
        "Duration",
        "HumanName",
        "Identifier",
        "Money",
        "Period",
        "Quantity",
        "Range",
        "Ratio",
        "Reference",
        "SampledData",
        "Signature",
        "Timing",
        "ContactDetail",
        "Contributor",
        "DataRequirement",
        "Expression",
        "ParameterDefinition",
        "RelatedArtifact",
        "TriggerDefinition",
        "UsageContext",
        "Dosage",
        "Meta"
      ]
    },
    {
      "url": "http://fhir.ru/fhir/Extension/fhir-ru-ext-nsi-gender",
      "title": "Кодирование пола по справочнику ФНСИ.",
      "types": [
        "Coding",
        "Coding",
        "string",
        "Extension",
        "uri",
        "string",
        "code",
        "string",
        "boolean"
      ]
    }
  ],
  "profiles": {
    "Bundle": [
      {
        "url": "http://fhir.ru/fhir/StructureDefinition/fhir-ru-bundle-org",
        "title": "Бандл для передачи данных об организации"
      }
    ],
    "Condition": [
      {
        "url": "http://fhir.ru/fhir/StructureDefinition/fhir-ru-condition-nu",
        "title": "Нозологическая единица"
      }
    ],
    "Observation": [
      {
        "url": "http://fhir.ru/fhir/StructureDefinition/fhir-ru-observation-nustagingonco",
        "title": "Стадирование онкологического заболевания"
      },
      {
        "url": "http://fhir.ru/fhir/StructureDefinition/fhir-ru-observation-tnmm",
        "title": "M (metastasis) — наличие отдалённых метастазов"
      },
      {
        "url": "http://fhir.ru/fhir/StructureDefinition/fhir-ru-observation-tnmn",
        "title": "N (nodus) — наличие метастазов в регионарных лимфатических узлах"
      },
      {
        "url": "http://fhir.ru/fhir/StructureDefinition/fhir-ru-observation-tnmt",
        "title": "T (tumor) — распространённость первичной опухоли"
      }
    ],
    "Organization": [
      {
        "url": "http://fhir.ru/fhir/StructureDefinition/fhir-ru-organization",
        "title": "Сведения о медицинской организации"
      },
      {
        "url": "http://fhir.ru/fhir/StructureDefinition/fhir-ru-organization-division",
        "title": "Сведения о структурном подразделении"
      }
    ],
    "Patient": [
      {
        "url": "http://fhir.ru/fhir/StructureDefinition/fhir-ru-patient",
        "title": "Сведения о пациенте"
      },
      {
        "url": "http://fhir.ru/fhir/StructureDefinition/fhir-ru-patient-gender",
        "title": "Сведения о пациенте (с кодированием пола по справочнику ФНСИ)"
      }
    ]
  },
  "usage": {
    "http://fhir.ru/fhir/Extension/fhir-ru-ext-condition-clinicalstatus": [
      "Condition.clinicalStatus"
    ],
    "http://fhir.ru/fhir/Extension/fhir-ru-ext-fias": [
      "Address",
      "Patient.address"
    ],
    "http://fhir.ru/fhir/Extension/fhir-ru-ext-nsi-gender": [
      "Patient.gender"
    ],
    "http://hl7.org/fhir/StructureDefinition/condition-assertedDate": [
      "Condition"
    ],
    "http://hl7.org/fhir/StructureDefinition/elementdefinition-bestpractice": [
      "StructureDefinition.snapshot.element.constraint"
    ],
    "http://hl7.org/fhir/StructureDefinition/elementdefinition-bestpractice-explanation": [
      "StructureDefinition.snapshot.element.constraint"
    ],
    "http://hl7.org/fhir/StructureDefinition/elementdefinition-bindingName": [
      "StructureDefinition.snapshot.element.binding"
    ],
    "http://hl7.org/fhir/StructureDefinition/elementdefinition-isCommonBinding": [
      "StructureDefinition.snapshot.element.binding"
    ],
    "http://hl7.org/fhir/StructureDefinition/elementdefinition-maxValueSet": [
      "StructureDefinition.snapshot.element.binding"
    ],
    "http://hl7.org/fhir/StructureDefinition/elementdefinition-translatable": [
      "StructureDefinition.snapshot.element"
    ],
    "http://hl7.org/fhir/StructureDefinition/regex": [
      "StructureDefinition.snapshot.element.type"
    ],
    "http://hl7.org/fhir/StructureDefinition/structuredefinition-category": [
      "StructureDefinition"
    ],
    "http://hl7.org/fhir/StructureDefinition/structuredefinition-display-hint": [
      "StructureDefinition.snapshot.element"
    ],
    "http://hl7.org/fhir/StructureDefinition/structuredefinition-explicit-type-name": [
      "StructureDefinition.snapshot.element"
    ],
    "http://hl7.org/fhir/StructureDefinition/structuredefinition-fhir-type": [
      "StructureDefinition.snapshot.element.type"
    ],
    "http://hl7.org/fhir/StructureDefinition/structuredefinition-hierarchy": [
      "StructureDefinition.differential.element.type",
      "StructureDefinition.snapshot.element.type"
    ],
    "http://hl7.org/fhir/StructureDefinition/structuredefinition-security-category": [
      "StructureDefinition"
    ],
    "http://hl7.org/fhir/StructureDefinition/structuredefinition-standards-status": [
      "StructureDefinition.snapshot.element"
    ],
    "http://hl7.org/fhir/tools/StructureDefinition/ig-parameter": [
      "ImplementationGuide.definition"
    ],
    "http://hl7.org/fhir/tools/StructureDefinition/resource-information": [
      "ImplementationGuide.definition.resource"
    ]
  }
}