{
  "resourceType": "ValueSet",
  "id": "mmdx-vs-histology",
  "text": {
    "status": "generated",
    "div": "<div xmlns=\"http://www.w3.org/1999/xhtml\"><p>This value set includes codes based on the following rules:</p><ul/></div>"
  },
  "url": "http://miramedix.ru/fhir/ValueSet/mmdx-vs-histology",
  "version": "0.1.0",
  "name": "Mmdx_vs_histology",
  "title": "Гистологическая структура опухоли",
  "status": "active",
  "date": "2022-02-21T10:46:18+03:00",
  "description": "Гистологическая структура опухоли."
}