<?xml version="1.0" encoding="UTF-8"?>

<ValueSet xmlns="http://hl7.org/fhir">
  <id value="mmdx-vs-tnmm"/>
  <text>
    <status value="generated"/><div xmlns="http://www.w3.org/1999/xhtml"><p>This value set includes codes based on the following rules:</p><ul/></div>
  </text>
  <url value="http://miramedix.ru/fhir/ValueSet/mmdx-vs-tnmm"/>
  <version value="0.1.0"/>
  <name value="Mmdx_vs_tnmm"/>
  <title value="TNM Distant Metastases"/>
  <status value="active"/>
  <date value="2021-12-21T13:45:48+03:00"/>
  <description value="TNM Distant Metastases."/>
</ValueSet>