<?xml version="1.0" encoding="UTF-8"?>

<ValueSet xmlns="http://hl7.org/fhir">
  <id value="fhir-ru-vs-histology"/>
  <text>
    <status value="generated"/><div xmlns="http://www.w3.org/1999/xhtml"><p>This value set includes codes based on the following rules:</p><ul/></div>
  </text>
  <url value="http://fhir.ru/fhir/ValueSet/fhir-ru-vs-histology"/>
  <version value="0.1.0"/>
  <name value="Fhir_ru_vs_histology"/>
  <title value="Гистологическая структура опухоли"/>
  <status value="active"/>
  <date value="2022-03-10T17:36:05+03:00"/>
  <description value="Гистологическая структура опухоли."/>
</ValueSet>