<?xml version="1.0" encoding="UTF-8"?>

<ValueSet xmlns="http://hl7.org/fhir">
  <id value="mmdx-vs-tnmn"/>
  <text>
    <status value="generated"/><div xmlns="http://www.w3.org/1999/xhtml"><p>This value set includes codes based on the following rules:</p><ul/></div>
  </text>
  <url value="http://miramedix.ru/fhir/ValueSet/mmdx-vs-tnmn"/>
  <version value="0.1.0"/>
  <name value="Mmdx_vs_tnmn"/>
  <title value="TNM Regional Nodes"/>
  <status value="active"/>
  <date value="2022-02-21T10:46:18+03:00"/>
  <description value="TNM Regional Nodes."/>
</ValueSet>