<?xml version="1.0" encoding="UTF-8"?><ImplementationGuide xmlns="http://hl7.org/fhir"><id value="fhir-miramedix-docs"/><text><status value="extensions"/><div xmlns="http://www.w3.org/1999/xhtml"><h2>MiramedixDocsIG</h2><p>The official URL for this implementation guide is: </p><pre>http://docs.miramedix.ru/fhir/IG//ImplementationGuide/fhir-miramedix-docs</pre><div><p>Miramedix docs IG</p>
</div></div></text><url value="http://docs.miramedix.ru/fhir/IG//ImplementationGuide/fhir-miramedix-docs"/><version value="0.1.0"/><name value="MiramedixDocsIG"/><title value="HL7 FHIR Implementation Guide: Miramedix docs IG Release 1 - RU Realm | STU1"/><status value="draft"/><date value="2021-11-12T15:42:12+03:00"/><description value="Miramedix docs IG"/><packageId value="fhir-miramedix-docs"/><license value="CC0-1.0"/><fhirVersion value="4.0.1"/><definition><extension url="http://hl7.org/fhir/tools/StructureDefinition/ig-parameter"><extension url="code"><valueString value="copyrightyear"/></extension><extension url="value"><valueString value="2021+"/></extension></extension><extension url="http://hl7.org/fhir/tools/StructureDefinition/ig-parameter"><extension url="code"><valueString value="releaselabel"/></extension><extension url="value"><valueString value="ci-build"/></extension></extension><extension url="http://hl7.org/fhir/tools/StructureDefinition/ig-parameter"><extension url="code"><valueString value="apply-version"/></extension><extension url="value"><valueString value="false"/></extension></extension><extension url="http://hl7.org/fhir/tools/StructureDefinition/ig-parameter"><extension url="code"><valueString value="path-liquid"/></extension><extension url="value"><valueString value="template/liquid"/></extension></extension><extension url="http://hl7.org/fhir/tools/StructureDefinition/ig-parameter"><extension url="code"><valueString value="path-liquid"/></extension><extension url="value"><valueString value="input/liquid"/></extension></extension><extension url="http://hl7.org/fhir/tools/StructureDefinition/ig-parameter"><extension url="code"><valueString value="path-qa"/></extension><extension url="value"><valueString value="temp/qa"/></extension></extension><extension url="http://hl7.org/fhir/tools/StructureDefinition/ig-parameter"><extension url="code"><valueString value="path-temp"/></extension><extension url="value"><valueString value="temp/pages"/></extension></extension><extension url="http://hl7.org/fhir/tools/StructureDefinition/ig-parameter"><extension url="code"><valueString value="path-output"/></extension><extension url="value"><valueString value="output"/></extension></extension><extension url="http://hl7.org/fhir/tools/StructureDefinition/ig-parameter"><extension url="code"><valueString value="path-suppressed-warnings"/></extension><extension url="value"><valueString value="input/ignoreWarnings.txt"/></extension></extension><extension url="http://hl7.org/fhir/tools/StructureDefinition/ig-parameter"><extension url="code"><valueString value="path-history"/></extension><extension url="value"><valueString value="http://docs.miramedix.ru/fhir/IG//history.html"/></extension></extension><extension url="http://hl7.org/fhir/tools/StructureDefinition/ig-parameter"><extension url="code"><valueString value="template-html"/></extension><extension url="value"><valueString value="template-page.html"/></extension></extension><extension url="http://hl7.org/fhir/tools/StructureDefinition/ig-parameter"><extension url="code"><valueString value="template-md"/></extension><extension url="value"><valueString value="template-page-md.html"/></extension></extension><extension url="http://hl7.org/fhir/tools/StructureDefinition/ig-parameter"><extension url="code"><valueString value="apply-contact"/></extension><extension url="value"><valueString value="true"/></extension></extension><extension url="http://hl7.org/fhir/tools/StructureDefinition/ig-parameter"><extension url="code"><valueString value="apply-context"/></extension><extension url="value"><valueString value="true"/></extension></extension><extension url="http://hl7.org/fhir/tools/StructureDefinition/ig-parameter"><extension url="code"><valueString value="apply-copyright"/></extension><extension url="value"><valueString value="true"/></extension></extension><extension url="http://hl7.org/fhir/tools/StructureDefinition/ig-parameter"><extension url="code"><valueString value="apply-jurisdiction"/></extension><extension url="value"><valueString value="true"/></extension></extension><extension url="http://hl7.org/fhir/tools/StructureDefinition/ig-parameter"><extension url="code"><valueString value="apply-license"/></extension><extension url="value"><valueString value="true"/></extension></extension><extension url="http://hl7.org/fhir/tools/StructureDefinition/ig-parameter"><extension url="code"><valueString value="apply-publisher"/></extension><extension url="value"><valueString value="true"/></extension></extension><extension url="http://hl7.org/fhir/tools/StructureDefinition/ig-parameter"><extension url="code"><valueString value="active-tables"/></extension><extension url="value"><valueString value="true"/></extension></extension><grouping id="-str-profile"><name value="Structures: Resource Profiles"/><description value="These define constraints on FHIR resources for systems conforming to this implementation guide"/></grouping><grouping id="-ex-example"><name value="Example: Example Instances"/><description value="These are example instances that show what data produced and consumed by systems conforming with this implementation guide might look like"/></grouping><resource><extension url="http://hl7.org/fhir/StructureDefinition/implementationguide-page"><valueUri value="StructureDefinition-miramedix-demo-bundle-org.html"/></extension><reference><reference value="StructureDefinition/miramedix-demo-bundle-org"/></reference><name value="Бандл для передачи данных об организации"/><description value="Бандл для передачи данных об организации."/><exampleBoolean value="false"/><groupingId value="-str-profile"/></resource><resource><extension url="http://hl7.org/fhir/StructureDefinition/implementationguide-page"><valueUri value="StructureDefinition-miramedix-demo-organization.html"/></extension><reference><reference value="StructureDefinition/miramedix-demo-organization"/></reference><name value="Сведения о медицинской организации"/><description value="Сведения о медицинской организации."/><exampleBoolean value="false"/><groupingId value="-str-profile"/></resource><resource><extension url="http://hl7.org/fhir/StructureDefinition/implementationguide-page"><valueUri value="StructureDefinition-miramedix-demo-organization-division.html"/></extension><reference><reference value="StructureDefinition/miramedix-demo-organization-division"/></reference><name value="Сведения о структурном подразделении"/><description value="Сведения о структурном подразделении."/><exampleBoolean value="false"/><groupingId value="-str-profile"/></resource><resource><extension url="http://hl7.org/fhir/StructureDefinition/implementationguide-page"><valueUri value="Organization-6873053d-d859-4ef2-a013-17a6fa1803f2.html"/></extension><reference><reference value="Organization/6873053d-d859-4ef2-a013-17a6fa1803f2"/></reference><name value="Пример структурного подразделения - Центр амбулаторной онкологической помощи (ГБУЗ МО ЛОБ)"/><exampleCanonical value="http://miramedix.ru/fhir/StructureDefinition/miramedix-demo-organization-division"/><groupingId value="-ex-example"/></resource><resource><extension url="http://hl7.org/fhir/StructureDefinition/implementationguide-page"><valueUri value="Organization-b8f3071b-1537-40a9-b092-044bdaf69b62.html"/></extension><reference><reference value="Organization/b8f3071b-1537-40a9-b092-044bdaf69b62"/></reference><name value="Пример организации - ГБУЗ МО ЛОБ"/><exampleCanonical value="http://miramedix.ru/fhir/StructureDefinition/miramedix-demo-organization"/><groupingId value="-ex-example"/></resource><resource><extension url="http://hl7.org/fhir/StructureDefinition/implementationguide-page"><valueUri value="Bundle-miramedix-demo-bundle-org-instance-lob.html"/></extension><reference><reference value="Bundle/miramedix-demo-bundle-org-instance-lob"/></reference><name value="Пример бандла - Передача данных об организации"/><exampleCanonical value="http://miramedix.ru/fhir/StructureDefinition/miramedix-demo-bundle-org"/><groupingId value="-ex-example"/></resource><page><nameUrl value="toc.html"/><title value="Table of Contents"/><generation value="html"/><page><nameUrl value="index.html"/><title value="Home"/><generation value="markdown"/></page><page><nameUrl value="artifacts.html"/><title value="Artifacts Summary"/><generation value="html"/><page><nameUrl value="StructureDefinition-miramedix-demo-bundle-org.html"/><title value="Бандл для передачи данных об организации"/><generation value="generated"/></page><page><nameUrl value="StructureDefinition-miramedix-demo-organization.html"/><title value="Сведения о медицинской организации"/><generation value="generated"/></page><page><nameUrl value="StructureDefinition-miramedix-demo-organization-division.html"/><title value="Сведения о структурном подразделении"/><generation value="generated"/></page><page><nameUrl value="Organization-6873053d-d859-4ef2-a013-17a6fa1803f2.html"/><title value="Пример структурного подразделения - Центр амбулаторной онкологической помощи (ГБУЗ МО ЛОБ)"/><generation value="generated"/></page><page><nameUrl value="Organization-b8f3071b-1537-40a9-b092-044bdaf69b62.html"/><title value="Пример организации - ГБУЗ МО ЛОБ"/><generation value="generated"/></page><page><nameUrl value="Bundle-miramedix-demo-bundle-org-instance-lob.html"/><title value="Пример бандла - Передача данных об организации"/><generation value="generated"/></page></page></page><parameter><code value="path-resource"/><value value="input/capabilities"/></parameter><parameter><code value="path-resource"/><value value="input/examples"/></parameter><parameter><code value="path-resource"/><value value="input/extensions"/></parameter><parameter><code value="path-resource"/><value value="input/models"/></parameter><parameter><code value="path-resource"/><value value="input/operations"/></parameter><parameter><code value="path-resource"/><value value="input/profiles"/></parameter><parameter><code value="path-resource"/><value value="input/resources"/></parameter><parameter><code value="path-resource"/><value value="input/vocabulary"/></parameter><parameter><code value="path-resource"/><value value="input/maps"/></parameter><parameter><code value="path-resource"/><value value="input/testing"/></parameter><parameter><code value="path-resource"/><value value="input/history"/></parameter><parameter><code value="path-resource"/><value value="fsh-generated/resources"/></parameter><parameter><code value="path-pages"/><value value="template/config"/></parameter><parameter><code value="path-pages"/><value value="input/images"/></parameter><parameter><code value="path-tx-cache"/><value value="input-cache/txcache"/></parameter></definition></ImplementationGuide>