<?xml version="1.0" encoding="UTF-8"?><ValueSet xmlns="http://hl7.org/fhir"><id value="nsi-vs-1-2-643-5-1-13-13-11-1077-additional"/><text><status value="generated"/><div xmlns="http://www.w3.org/1999/xhtml"><ul><li>Include these codes as defined in <a href="CodeSystem-nsi-cs-1-2-643-5-1-13-13-11-1077.html"><code>https://nsi.rosminzdrav.ru/#!/refbook/1.2.643.5.1.13.13.11.1077</code></a><table class="none"><tr><td style="white-space:nowrap"><b>Code</b></td><td><b>Display</b></td></tr><tr><td><a href="CodeSystem-nsi-cs-1-2-643-5-1-13-13-11-1077.html#nsi-cs-1-2-643-5-1-13-13-11-1077-3">3</a></td><td>Сопутствующее заболевание</td></tr></table></li></ul></div></text><url value="http://fhir.ru/fhir/ValueSet/nsi-vs-1-2-643-5-1-13-13-11-1077-additional"/><version value="0.1.0"/><name value="Nsi_vs_1_2_643_5_1_13_13_11_1077_additional"/><title value="Виды нозологических единиц диагноза [значения для категории &#39;Сопутствующее заболевание&#39;]"/><status value="active"/><date value="2022-04-27T17:36:36+03:00"/><description value="&#39;Виды нозологических единиц диагноза&#39;  &#xA;[значения для категории &#39;Сопутствующее заболевание&#39;]"/><compose><include><system value="https://nsi.rosminzdrav.ru/#!/refbook/1.2.643.5.1.13.13.11.1077"/><concept><code value="3"/><display value="Сопутствующее заболевание"/></concept></include></compose></ValueSet>