<?xml version="1.0" encoding="UTF-8"?><ValueSet xmlns="http://hl7.org/fhir"><id value="nsi-vs-1-2-643-5-1-13-13-99-2-778"/><text><status value="generated"/><div xmlns="http://www.w3.org/1999/xhtml"><ul><li>Include all codes defined in <a href="CodeSystem-nsi-cs-1-2-643-5-1-13-13-99-2-778.html"><code>https://nsi.rosminzdrav.ru/#!/refbook/1.2.643.5.1.13.13.99.2.778</code></a></li></ul></div></text><url value="http://fhir.ru/fhir/ValueSet/nsi-vs-1-2-643-5-1-13-13-99-2-778"/><version value="0.1.0"/><name value="Nsi_vs_1_2_643_5_1_13_13_99_2_778"/><title value="Латеральность [все значения]"/><status value="active"/><date value="2022-04-27T17:36:36+03:00"/><description value="&#39;Латеральность&#39;  &#xA;[набор из всех значений системы кодирования]"/><compose><include><system value="https://nsi.rosminzdrav.ru/#!/refbook/1.2.643.5.1.13.13.99.2.778"/></include></compose></ValueSet>