<?xml version="1.0" encoding="UTF-8"?><ValueSet xmlns="http://hl7.org/fhir"><id value="core-vs-diagnosis-type"/><text><status value="generated"/><div xmlns="http://www.w3.org/1999/xhtml"><p>This value set includes codes based on the following rules:</p><ul/></div></text><url value="http://fhir.ru/core/vs/core-vs-diagnosis-type"/><version value="0.1.0"/><name value="CoreVsDiagnosisType"/><title value="Типы диагноза"/><status value="active"/><date value="2022-04-27T17:36:36+03:00"/><description value="Типы диагноза."/></ValueSet>