<?xml version="1.0" encoding="UTF-8"?><ValueSet xmlns="http://hl7.org/fhir"><id value="mmdx-vs-stagingsystem"/><text><status value="generated"/><div xmlns="http://www.w3.org/1999/xhtml"><ul><li>Include all codes defined in <code>http://cancerstaging.org</code></li></ul></div></text><url value="http://miramedix.ru/fhir/ValueSet/mmdx-vs-stagingsystem"/><version value="0.1.0"/><name value="Mmdx_vs_stagingsystem"/><title value="Системы стадирования"/><status value="active"/><date value="2022-02-21T10:46:18+03:00"/><description value="Системы стадирования."/><compose><include><system value="http://cancerstaging.org"/></include></compose></ValueSet>