<?xml version="1.0" encoding="UTF-8"?><ValueSet xmlns="http://hl7.org/fhir"><id value="fhir-ru-vs-stagingsystem"/><text><status value="generated"/><div xmlns="http://www.w3.org/1999/xhtml"><ul><li>Include all codes defined in <code>http://cancerstaging.org</code></li></ul></div></text><url value="http://fhir.ru/fhir/ValueSet/fhir-ru-vs-stagingsystem"/><version value="0.1.0"/><name value="Fhir_ru_vs_stagingsystem"/><title value="Системы стадирования"/><status value="active"/><date value="2022-03-10T17:36:05+03:00"/><description value="Системы стадирования."/><compose><include><system value="http://cancerstaging.org"/></include></compose></ValueSet>