<?xml version="1.0" encoding="UTF-8"?><ValueSet xmlns="http://hl7.org/fhir"><id value="mmdx-vs-stagegroup"/><text><status value="generated"/><div xmlns="http://www.w3.org/1999/xhtml"><ul><li>Include all codes defined in <code>http://cancerstaging.org</code></li></ul></div></text><url value="http://miramedix.ru/fhir/ValueSet/mmdx-vs-stagegroup"/><version value="0.1.0"/><name value="Mmdx_vs_stagegroup"/><title value="Набор значений стадий"/><status value="active"/><date value="2021-12-21T13:45:48+03:00"/><description value="Набор значений стадий."/><compose><include><system value="http://cancerstaging.org"/></include></compose></ValueSet>