<?xml version="1.0" encoding="UTF-8"?><ValueSet xmlns="http://hl7.org/fhir"><id value="nsi-vs-1-2-643-5-1-13-13-11-1506"/><text><status value="generated"/><div xmlns="http://www.w3.org/1999/xhtml"><ul><li>Include all codes defined in <a href="CodeSystem-nsi-cs-1-2-643-5-1-13-13-11-1506.html"><code>https://nsi.rosminzdrav.ru/#!/refbook/1.2.643.5.1.13.13.11.1506</code></a></li></ul></div></text><url value="http://miramedix.ru/fhir/ValueSet/nsi-vs-1506"/><version value="0.1.0"/><name value="Nsi_vs_1_2_643_5_1_13_13_11_1506"/><title value="Цели проведения врачебной комиссии (консилиума врачей) [все значения]"/><status value="active"/><date value="2022-02-21T10:46:18+03:00"/><description value="&#39;Цели проведения врачебной комиссии (консилиума врачей)&#39;  &#xA;[набор из всех значений системы кодирования]"/><compose><include><system value="https://nsi.rosminzdrav.ru/#!/refbook/1.2.643.5.1.13.13.11.1506"/></include></compose></ValueSet>