<?xml version="1.0" encoding="UTF-8"?><ValueSet xmlns="http://hl7.org/fhir"><id value="fhir-ru-vs-stagegroup"/><text><status value="generated"/><div xmlns="http://www.w3.org/1999/xhtml"><ul><li>Include all codes defined in <code>http://cancerstaging.org</code></li></ul></div></text><url value="http://fhir.ru/fhir/ValueSet/fhir-ru-vs-stagegroup"/><version value="0.1.0"/><name value="Fhir_ru_vs_stagegroup"/><title value="Набор значений стадий"/><status value="active"/><date value="2022-04-27T17:36:36+03:00"/><description value="Набор значений стадий."/><compose><include><system value="http://cancerstaging.org"/></include></compose></ValueSet>