{"resourceType":"CodeSystem","id":"nsi-cs-1-2-643-5-1-13-13-11-1506","text":{"status":"generated","div":"<div xmlns=\"http://www.w3.org/1999/xhtml\"><p><b>Properties</b></p><table class=\"grid\"><tr><td><b>Code</b></td><td><b>URL</b></td><td><b>Description</b></td><td><b>Type</b></td></tr><tr><td>ID</td><td/><td>Код</td><td>string</td></tr><tr><td>NAME</td><td/><td>Наименование</td><td>string</td></tr></table><p>This code system https://nsi.rosminzdrav.ru/#!/refbook/1.2.643.5.1.13.13.11.1506 defines the following codes:</p><table class=\"codes\"><tr><td style=\"white-space:nowrap\"><b>Code</b></td><td><b>Display</b></td></tr><tr><td style=\"white-space:nowrap\">1<a name=\"nsi-cs-1-2-643-5-1-13-13-11-1506-1\"> </a></td><td>Установление состояния здоровья пациента</td></tr><tr><td style=\"white-space:nowrap\">2<a name=\"nsi-cs-1-2-643-5-1-13-13-11-1506-2\"> </a></td><td>Установление диагноза</td></tr><tr><td style=\"white-space:nowrap\">3<a name=\"nsi-cs-1-2-643-5-1-13-13-11-1506-3\"> </a></td><td>Определение (медицинского) прогноза</td></tr><tr><td style=\"white-space:nowrap\">4<a name=\"nsi-cs-1-2-643-5-1-13-13-11-1506-4\"> </a></td><td>Определение тактики медицинского обследования</td></tr><tr><td style=\"white-space:nowrap\">5<a name=\"nsi-cs-1-2-643-5-1-13-13-11-1506-5\"> </a></td><td>Определение тактики лечения</td></tr><tr><td style=\"white-space:nowrap\">6<a name=\"nsi-cs-1-2-643-5-1-13-13-11-1506-6\"> </a></td><td>Определение целесообразности направления в специализированные отделения медицинской организации</td></tr><tr><td style=\"white-space:nowrap\">7<a name=\"nsi-cs-1-2-643-5-1-13-13-11-1506-7\"> </a></td><td>Определение целесообразности направления в другую медицинскую организацию</td></tr><tr><td style=\"white-space:nowrap\">8<a name=\"nsi-cs-1-2-643-5-1-13-13-11-1506-8\"> </a></td><td>Установление диагноза смерти мозга</td></tr><tr><td style=\"white-space:nowrap\">9<a name=\"nsi-cs-1-2-643-5-1-13-13-11-1506-9\"> </a></td><td>Решение о медицинском вмешательстве без согласия гражданина</td></tr><tr><td style=\"white-space:nowrap\">10<a name=\"nsi-cs-1-2-643-5-1-13-13-11-1506-10\"> </a></td><td>Решение по иным медицинским вопросам / решение иных вопросов</td></tr><tr><td style=\"white-space:nowrap\">11<a name=\"nsi-cs-1-2-643-5-1-13-13-11-1506-11\"> </a></td><td>Решение об оказания паллиативной медицинской помощи взрослым</td></tr><tr><td style=\"white-space:nowrap\">12<a name=\"nsi-cs-1-2-643-5-1-13-13-11-1506-12\"> </a></td><td>Медицинский отбор и направление на санаторно-курортное лечение</td></tr><tr><td style=\"white-space:nowrap\">13<a name=\"nsi-cs-1-2-643-5-1-13-13-11-1506-13\"> </a></td><td>Экспертиза временной нетрудоспособности</td></tr><tr><td style=\"white-space:nowrap\">14<a name=\"nsi-cs-1-2-643-5-1-13-13-11-1506-14\"> </a></td><td>Экспертиза профессиональной пригодности и связи заболевания с профессией</td></tr><tr><td style=\"white-space:nowrap\">15<a name=\"nsi-cs-1-2-643-5-1-13-13-11-1506-15\"> </a></td><td>Назначение и применение лекарственных препаратов, в том числе не входящих в соответствующий стандарт медицинской помощи или не предусмотренных соответствующей клинической рекомендацией</td></tr><tr><td style=\"white-space:nowrap\">16<a name=\"nsi-cs-1-2-643-5-1-13-13-11-1506-16\"> </a></td><td>Назначение и применение медицинских изделий, в том числе не входящих в соответствующий стандарт медицинской помощи или не предусмотренных соответствующей клинической рекомендацией</td></tr><tr><td style=\"white-space:nowrap\">17<a name=\"nsi-cs-1-2-643-5-1-13-13-11-1506-17\"> </a></td><td>Назначение и применение специализированных продуктов лечебного питания, в том числе не входящих в соответствующий стандарт медицинской помощи или не предусмотренных соответствующей клинической рекомендацией</td></tr><tr><td style=\"white-space:nowrap\">18<a name=\"nsi-cs-1-2-643-5-1-13-13-11-1506-18\"> </a></td><td>Заключение о необходимости трансплантации органа и (или) ткани и о включении пациента в лист ожидания трансплантации трупного органа и (или) ткани</td></tr><tr><td style=\"white-space:nowrap\">19<a name=\"nsi-cs-1-2-643-5-1-13-13-11-1506-19\"> </a></td><td>Заключение о необходимости трансплантации костного мозга или гемопоэтических стволовых клеток</td></tr><tr><td style=\"white-space:nowrap\">20<a name=\"nsi-cs-1-2-643-5-1-13-13-11-1506-20\"> </a></td><td>Решение об изъятии органов и тканей для трансплантации (пересадки) у живого донора</td></tr><tr><td style=\"white-space:nowrap\">21<a name=\"nsi-cs-1-2-643-5-1-13-13-11-1506-21\"> </a></td><td>Отбор пациентов на оказание высокотехнологичной медицинской помощи</td></tr><tr><td style=\"white-space:nowrap\">22<a name=\"nsi-cs-1-2-643-5-1-13-13-11-1506-22\"> </a></td><td>Отбор пациентов на медицинскую реабилитацию</td></tr><tr><td style=\"white-space:nowrap\">23<a name=\"nsi-cs-1-2-643-5-1-13-13-11-1506-23\"> </a></td><td>Определение нуждаемости ветерана в обеспечении протезами (кроме зубных протезов), протезно-ортопедическими изделиями</td></tr><tr><td style=\"white-space:nowrap\">24<a name=\"nsi-cs-1-2-643-5-1-13-13-11-1506-24\"> </a></td><td>Рассмотрение врачебной комиссией федерального учреждения здравоохранения медицинских документов отдельных категорий граждан  для решения вопроса о внеочередном оказании им медицинской помощи</td></tr><tr><td style=\"white-space:nowrap\">25<a name=\"nsi-cs-1-2-643-5-1-13-13-11-1506-25\"> </a></td><td>Изменение тактики лечения</td></tr><tr><td style=\"white-space:nowrap\">26<a name=\"nsi-cs-1-2-643-5-1-13-13-11-1506-26\"> </a></td><td>Определение целесообразности госпитализации</td></tr></table></div>"},"url":"https://nsi.rosminzdrav.ru/#!/refbook/1.2.643.5.1.13.13.11.1506","identifier":[{"system":"urn:ietf:rfc:3986","value":"urn:oid:1.2.643.5.1.13.13.11.1506"}],"version":"1.3","name":"Nsi_cs_1_2_643_5_1_13_13_11_1506","title":"Цели проведения врачебной комиссии (консилиума врачей)","status":"active","date":"2022-03-10T17:15:12+03:00","contact":[{"name":"РС ФГБУ «ЦНИИОИЗ» Минздрава России","telecom":[{"system":"email","value":"egisz@rt-eu.ru"}]}],"description":"Справочник ФНСИ:  \n'Цели проведения врачебной комиссии (консилиума врачей)'  \nверсия '1.3'  \n[1.2.643.5.1.13.13.11.1506](https://nsi.rosminzdrav.ru/#!/refbook/1.2.643.5.1.13.13.11.1506/version/1.3)","content":"complete","count":26,"property":[{"code":"ID","description":"Код","type":"string"},{"code":"NAME","description":"Наименование","type":"string"}],"concept":[{"code":"1","display":"Установление состояния здоровья пациента","property":[{"code":"ID","valueString":"1"},{"code":"NAME","valueString":"Установление состояния здоровья пациента"}]},{"code":"2","display":"Установление диагноза","property":[{"code":"ID","valueString":"2"},{"code":"NAME","valueString":"Установление диагноза"}]},{"code":"3","display":"Определение (медицинского) прогноза","property":[{"code":"ID","valueString":"3"},{"code":"NAME","valueString":"Определение (медицинского) прогноза"}]},{"code":"4","display":"Определение тактики медицинского обследования","property":[{"code":"ID","valueString":"4"},{"code":"NAME","valueString":"Определение тактики медицинского обследования"}]},{"code":"5","display":"Определение тактики лечения","property":[{"code":"ID","valueString":"5"},{"code":"NAME","valueString":"Определение тактики лечения"}]},{"code":"6","display":"Определение целесообразности направления в специализированные отделения медицинской организации","property":[{"code":"ID","valueString":"6"},{"code":"NAME","valueString":"Определение целесообразности направления в специализированные отделения медицинской организации"}]},{"code":"7","display":"Определение целесообразности направления в другую медицинскую организацию","property":[{"code":"ID","valueString":"7"},{"code":"NAME","valueString":"Определение целесообразности направления в другую медицинскую организацию"}]},{"code":"8","display":"Установление диагноза смерти мозга","property":[{"code":"ID","valueString":"8"},{"code":"NAME","valueString":"Установление диагноза смерти мозга"}]},{"code":"9","display":"Решение о медицинском вмешательстве без согласия гражданина","property":[{"code":"ID","valueString":"9"},{"code":"NAME","valueString":"Решение о медицинском вмешательстве без согласия гражданина"}]},{"code":"10","display":"Решение по иным медицинским вопросам / решение иных вопросов","property":[{"code":"ID","valueString":"10"},{"code":"NAME","valueString":"Решение по иным медицинским вопросам / решение иных вопросов"}]},{"code":"11","display":"Решение об оказания паллиативной медицинской помощи взрослым","property":[{"code":"ID","valueString":"11"},{"code":"NAME","valueString":"Решение об оказания паллиативной медицинской помощи взрослым"}]},{"code":"12","display":"Медицинский отбор и направление на санаторно-курортное лечение","property":[{"code":"ID","valueString":"12"},{"code":"NAME","valueString":"Медицинский отбор и направление на санаторно-курортное лечение"}]},{"code":"13","display":"Экспертиза временной нетрудоспособности","property":[{"code":"ID","valueString":"13"},{"code":"NAME","valueString":"Экспертиза временной нетрудоспособности"}]},{"code":"14","display":"Экспертиза профессиональной пригодности и связи заболевания с профессией","property":[{"code":"ID","valueString":"14"},{"code":"NAME","valueString":"Экспертиза профессиональной пригодности и связи заболевания с профессией"}]},{"code":"15","display":"Назначение и применение лекарственных препаратов, в том числе не входящих в соответствующий стандарт медицинской помощи или не предусмотренных соответствующей клинической рекомендацией","property":[{"code":"ID","valueString":"15"},{"code":"NAME","valueString":"Назначение и применение лекарственных препаратов, в том числе не входящих в соответствующий стандарт медицинской помощи или не предусмотренных соответствующей клинической рекомендацией"}]},{"code":"16","display":"Назначение и применение медицинских изделий, в том числе не входящих в соответствующий стандарт медицинской помощи или не предусмотренных соответствующей клинической рекомендацией","property":[{"code":"ID","valueString":"16"},{"code":"NAME","valueString":"Назначение и применение медицинских изделий, в том числе не входящих в соответствующий стандарт медицинской помощи или не предусмотренных соответствующей клинической рекомендацией"}]},{"code":"17","display":"Назначение и применение специализированных продуктов лечебного питания, в том числе не входящих в соответствующий стандарт медицинской помощи или не предусмотренных соответствующей клинической рекомендацией","property":[{"code":"ID","valueString":"17"},{"code":"NAME","valueString":"Назначение и применение специализированных продуктов лечебного питания, в том числе не входящих в соответствующий стандарт медицинской помощи или не предусмотренных соответствующей клинической рекомендацией"}]},{"code":"18","display":"Заключение о необходимости трансплантации органа и (или) ткани и о включении пациента в лист ожидания трансплантации трупного органа и (или) ткани","property":[{"code":"ID","valueString":"18"},{"code":"NAME","valueString":"Заключение о необходимости трансплантации органа и (или) ткани и о включении пациента в лист ожидания трансплантации трупного органа и (или) ткани"}]},{"code":"19","display":"Заключение о необходимости трансплантации костного мозга или гемопоэтических стволовых клеток","property":[{"code":"ID","valueString":"19"},{"code":"NAME","valueString":"Заключение о необходимости трансплантации костного мозга или гемопоэтических стволовых клеток"}]},{"code":"20","display":"Решение об изъятии органов и тканей для трансплантации (пересадки) у живого донора","property":[{"code":"ID","valueString":"20"},{"code":"NAME","valueString":"Решение об изъятии органов и тканей для трансплантации (пересадки) у живого донора"}]},{"code":"21","display":"Отбор пациентов на оказание высокотехнологичной медицинской помощи","property":[{"code":"ID","valueString":"21"},{"code":"NAME","valueString":"Отбор пациентов на оказание высокотехнологичной медицинской помощи"}]},{"code":"22","display":"Отбор пациентов на медицинскую реабилитацию","property":[{"code":"ID","valueString":"22"},{"code":"NAME","valueString":"Отбор пациентов на медицинскую реабилитацию"}]},{"code":"23","display":"Определение нуждаемости ветерана в обеспечении протезами (кроме зубных протезов), протезно-ортопедическими изделиями","property":[{"code":"ID","valueString":"23"},{"code":"NAME","valueString":"Определение нуждаемости ветерана в обеспечении протезами (кроме зубных протезов), протезно-ортопедическими изделиями"}]},{"code":"24","display":"Рассмотрение врачебной комиссией федерального учреждения здравоохранения медицинских документов отдельных категорий граждан  для решения вопроса о внеочередном оказании им медицинской помощи","property":[{"code":"ID","valueString":"24"},{"code":"NAME","valueString":"Рассмотрение врачебной комиссией федерального учреждения здравоохранения медицинских документов отдельных категорий граждан  для решения вопроса о внеочередном оказании им медицинской помощи"}]},{"code":"25","display":"Изменение тактики лечения","property":[{"code":"ID","valueString":"25"},{"code":"NAME","valueString":"Изменение тактики лечения"}]},{"code":"26","display":"Определение целесообразности госпитализации","property":[{"code":"ID","valueString":"26"},{"code":"NAME","valueString":"Определение целесообразности госпитализации"}]}]}