{"resourceType":"CodeSystem","id":"fhir-ru-cs-identifier-type","text":{"status":"generated","div":"<div xmlns=\"http://www.w3.org/1999/xhtml\"><p>This code system http://fhir.ru/fhir/CodeSystem/fhir-ru-cs-identifier-type defines the following codes:</p><table class=\"codes\"><tr><td style=\"white-space:nowrap\"><b>Code</b></td><td><b>Display</b></td><td><b>Definition</b></td></tr><tr><td style=\"white-space:nowrap\">snils<a name=\"fhir-ru-cs-identifier-type-snils\"> </a></td><td>СНИЛС</td><td>Страховой номер индивидуального лицевого счёта.</td></tr><tr><td style=\"white-space:nowrap\">employee-login<a name=\"fhir-ru-cs-identifier-type-employee-login\"> </a></td><td>Логин сотрудника</td><td>Логин сотрудника в МИС.</td></tr></table></div>"},"url":"http://fhir.ru/fhir/CodeSystem/fhir-ru-cs-identifier-type","version":"0.1.0","name":"Fhir_ru_cs_identifier_type","title":"Справочник типов идентификаторов [Мирамедикс]","status":"active","date":"2022-04-27T17:36:36+03:00","description":"Справочник типов идентификаторов для информационной системы Мирамедикс.","content":"complete","count":2,"concept":[{"code":"snils","display":"СНИЛС","definition":"Страховой номер индивидуального лицевого счёта."},{"code":"employee-login","display":"Логин сотрудника","definition":"Логин сотрудника в МИС."}]}