{"resourceType":"ImplementationGuide","id":"fhir-miramedix-docs","text":{"status":"extensions","div":"<div xmlns=\"http://www.w3.org/1999/xhtml\"><h2>MiramedixDocsIG</h2><p>The official URL for this implementation guide is: </p><pre>http://docs.miramedix.ru/fhir/IG//ImplementationGuide/fhir-miramedix-docs</pre><div><p>Miramedix docs IG</p>\n</div></div>"},"url":"http://docs.miramedix.ru/fhir/IG//ImplementationGuide/fhir-miramedix-docs","version":"0.1.0","name":"MiramedixDocsIG","title":"HL7 FHIR Implementation Guide: Miramedix docs IG Release 1 - RU Realm | STU1","status":"draft","date":"2022-02-21T10:46:18+03:00","description":"Miramedix docs IG","packageId":"fhir-miramedix-docs","license":"CC0-1.0","fhirVersion":["4.0.1"],"definition":{"extension":[{"extension":[{"url":"code","valueString":"copyrightyear"},{"url":"value","valueString":"2021+"}],"url":"http://hl7.org/fhir/tools/StructureDefinition/ig-parameter"},{"extension":[{"url":"code","valueString":"releaselabel"},{"url":"value","valueString":"ci-build"}],"url":"http://hl7.org/fhir/tools/StructureDefinition/ig-parameter"},{"extension":[{"url":"code","valueString":"apply-version"},{"url":"value","valueString":"false"}],"url":"http://hl7.org/fhir/tools/StructureDefinition/ig-parameter"},{"extension":[{"url":"code","valueString":"path-liquid"},{"url":"value","valueString":"template/liquid"}],"url":"http://hl7.org/fhir/tools/StructureDefinition/ig-parameter"},{"extension":[{"url":"code","valueString":"path-liquid"},{"url":"value","valueString":"input/liquid"}],"url":"http://hl7.org/fhir/tools/StructureDefinition/ig-parameter"},{"extension":[{"url":"code","valueString":"path-qa"},{"url":"value","valueString":"temp/qa"}],"url":"http://hl7.org/fhir/tools/StructureDefinition/ig-parameter"},{"extension":[{"url":"code","valueString":"path-temp"},{"url":"value","valueString":"temp/pages"}],"url":"http://hl7.org/fhir/tools/StructureDefinition/ig-parameter"},{"extension":[{"url":"code","valueString":"path-output"},{"url":"value","valueString":"output"}],"url":"http://hl7.org/fhir/tools/StructureDefinition/ig-parameter"},{"extension":[{"url":"code","valueString":"path-suppressed-warnings"},{"url":"value","valueString":"input/ignoreWarnings.txt"}],"url":"http://hl7.org/fhir/tools/StructureDefinition/ig-parameter"},{"extension":[{"url":"code","valueString":"path-history"},{"url":"value","valueString":"http://docs.miramedix.ru/fhir/IG//history.html"}],"url":"http://hl7.org/fhir/tools/StructureDefinition/ig-parameter"},{"extension":[{"url":"code","valueString":"template-html"},{"url":"value","valueString":"template-page.html"}],"url":"http://hl7.org/fhir/tools/StructureDefinition/ig-parameter"},{"extension":[{"url":"code","valueString":"template-md"},{"url":"value","valueString":"template-page-md.html"}],"url":"http://hl7.org/fhir/tools/StructureDefinition/ig-parameter"},{"extension":[{"url":"code","valueString":"apply-contact"},{"url":"value","valueString":"true"}],"url":"http://hl7.org/fhir/tools/StructureDefinition/ig-parameter"},{"extension":[{"url":"code","valueString":"apply-context"},{"url":"value","valueString":"true"}],"url":"http://hl7.org/fhir/tools/StructureDefinition/ig-parameter"},{"extension":[{"url":"code","valueString":"apply-copyright"},{"url":"value","valueString":"true"}],"url":"http://hl7.org/fhir/tools/StructureDefinition/ig-parameter"},{"extension":[{"url":"code","valueString":"apply-jurisdiction"},{"url":"value","valueString":"true"}],"url":"http://hl7.org/fhir/tools/StructureDefinition/ig-parameter"},{"extension":[{"url":"code","valueString":"apply-license"},{"url":"value","valueString":"true"}],"url":"http://hl7.org/fhir/tools/StructureDefinition/ig-parameter"},{"extension":[{"url":"code","valueString":"apply-publisher"},{"url":"value","valueString":"true"}],"url":"http://hl7.org/fhir/tools/StructureDefinition/ig-parameter"},{"extension":[{"url":"code","valueString":"active-tables"},{"url":"value","valueString":"true"}],"url":"http://hl7.org/fhir/tools/StructureDefinition/ig-parameter"},{"extension":[{"url":"code","valueString":"fmm-definition"},{"url":"value","valueString":"http://hl7.org/fhir/versions.html#maturity"}],"url":"http://hl7.org/fhir/tools/StructureDefinition/ig-parameter"},{"extension":[{"url":"code","valueString":"propagate-status"},{"url":"value","valueString":"true"}],"url":"http://hl7.org/fhir/tools/StructureDefinition/ig-parameter"}],"grouping":[{"id":"-str-profile","name":"Structures: Resource Profiles","description":"These define constraints on FHIR resources for systems conforming to this implementation guide"},{"id":"-str-extension","name":"Structures: Extension Definitions","description":"These define constraints on FHIR data types for systems conforming to this implementation guide"},{"id":"-term-valueset","name":"Terminology: Value Sets","description":"These define sets of codes used by systems conforming to this implementation guide"},{"id":"-term-codesystem","name":"Terminology: Code Systems","description":"These define new code systems used by systems conforming to this implementation guide"},{"id":"-ex-example","name":"Example: Example Instances","description":"These are example instances that show what data produced and consumed by systems conforming with this implementation guide might look like"}],"resource":[{"extension":[{"url":"http://hl7.org/fhir/StructureDefinition/implementationguide-page","valueUri":"StructureDefinition-mmdx-bundle-org.html"}],"reference":{"reference":"StructureDefinition/mmdx-bundle-org"},"name":"Бандл для передачи данных об организации","description":"Бандл для передачи данных об организации.","exampleBoolean":false,"groupingId":"-str-profile"},{"extension":[{"url":"http://hl7.org/fhir/StructureDefinition/implementationguide-page","valueUri":"StructureDefinition-mmdx-condition-nu.html"}],"reference":{"reference":"StructureDefinition/mmdx-condition-nu"},"name":"Нозологическая единица","description":"Нозологическая единица.","exampleBoolean":false,"groupingId":"-str-profile"},{"extension":[{"url":"http://hl7.org/fhir/StructureDefinition/implementationguide-page","valueUri":"StructureDefinition-mmdx-observation-nustagingonco.html"}],"reference":{"reference":"StructureDefinition/mmdx-observation-nustagingonco"},"name":"Стадирование онкологического заболевания","description":"Стадирование онкологического заболевания.","exampleBoolean":false,"groupingId":"-str-profile"},{"extension":[{"url":"http://hl7.org/fhir/StructureDefinition/implementationguide-page","valueUri":"StructureDefinition-mmdx-observation-tnmm.html"}],"reference":{"reference":"StructureDefinition/mmdx-observation-tnmm"},"name":"M (metastasis) — наличие отдалённых метастазов","description":"M (metastasis) — наличие отдалённых метастазов.","exampleBoolean":false,"groupingId":"-str-profile"},{"extension":[{"url":"http://hl7.org/fhir/StructureDefinition/implementationguide-page","valueUri":"StructureDefinition-mmdx-observation-tnmn.html"}],"reference":{"reference":"StructureDefinition/mmdx-observation-tnmn"},"name":"N (nodus) — наличие метастазов в регионарных лимфатических узлах","description":"N (nodus) — наличие метастазов в регионарных лимфатических узлах.","exampleBoolean":false,"groupingId":"-str-profile"},{"extension":[{"url":"http://hl7.org/fhir/StructureDefinition/implementationguide-page","valueUri":"StructureDefinition-mmdx-observation-tnmt.html"}],"reference":{"reference":"StructureDefinition/mmdx-observation-tnmt"},"name":"T (tumor) — распространённость первичной опухоли","description":"T (tumor) — распространённость первичной опухоли.","exampleBoolean":false,"groupingId":"-str-profile"},{"extension":[{"url":"http://hl7.org/fhir/StructureDefinition/implementationguide-page","valueUri":"StructureDefinition-mmdx-organization.html"}],"reference":{"reference":"StructureDefinition/mmdx-organization"},"name":"Сведения о медицинской организации","description":"Сведения о медицинской организации.","exampleBoolean":false,"groupingId":"-str-profile"},{"extension":[{"url":"http://hl7.org/fhir/StructureDefinition/implementationguide-page","valueUri":"StructureDefinition-mmdx-organization-division.html"}],"reference":{"reference":"StructureDefinition/mmdx-organization-division"},"name":"Сведения о структурном подразделении","description":"Сведения о структурном подразделении.","exampleBoolean":false,"groupingId":"-str-profile"},{"extension":[{"url":"http://hl7.org/fhir/StructureDefinition/implementationguide-page","valueUri":"StructureDefinition-mmdx-patient.html"}],"reference":{"reference":"StructureDefinition/mmdx-patient"},"name":"Сведения о пациенте","description":"Сведения о пациенте для интеграции в московской области","exampleBoolean":false,"groupingId":"-str-profile"},{"extension":[{"url":"http://hl7.org/fhir/StructureDefinition/implementationguide-page","valueUri":"StructureDefinition-mmdx-ext-condition-histology.html"}],"reference":{"reference":"StructureDefinition/mmdx-ext-condition-histology"},"name":"Гистологическая структура опухоли.","description":"Гистологическая структура опухоли.","exampleBoolean":false,"groupingId":"-str-extension"},{"extension":[{"url":"http://hl7.org/fhir/StructureDefinition/implementationguide-page","valueUri":"StructureDefinition-mmdx-ext-nsi-gender.html"}],"reference":{"reference":"StructureDefinition/mmdx-ext-nsi-gender"},"name":"Кодирования пола по справочнику ФНСИ.","description":"Расширение для кодирования пола по справочнику ФНСИ.","exampleBoolean":false,"groupingId":"-str-extension"},{"extension":[{"url":"http://hl7.org/fhir/StructureDefinition/implementationguide-page","valueUri":"ValueSet-mmdx-vs-histology.html"}],"reference":{"reference":"ValueSet/mmdx-vs-histology"},"name":"Гистологическая структура опухоли","description":"Гистологическая структура опухоли.","exampleBoolean":false,"groupingId":"-term-valueset"},{"extension":[{"url":"http://hl7.org/fhir/StructureDefinition/implementationguide-page","valueUri":"ValueSet-mmdx-vs-patient-identifier-type.html"}],"reference":{"reference":"ValueSet/mmdx-vs-patient-identifier-type"},"name":"Набор значений типов идентификаторов пациентов [Мирамедикс]","description":"Набор значений для указания типов идентификаторов пациентов для информационной системы Мирамедикс.","exampleBoolean":false,"groupingId":"-term-valueset"},{"extension":[{"url":"http://hl7.org/fhir/StructureDefinition/implementationguide-page","valueUri":"ValueSet-mmdx-vs-stagegroup.html"}],"reference":{"reference":"ValueSet/mmdx-vs-stagegroup"},"name":"Набор значений стадий","description":"Набор значений стадий.","exampleBoolean":false,"groupingId":"-term-valueset"},{"extension":[{"url":"http://hl7.org/fhir/StructureDefinition/implementationguide-page","valueUri":"ValueSet-mmdx-vs-stagetype.html"}],"reference":{"reference":"ValueSet/mmdx-vs-stagetype"},"name":"Набор значений типов стадирования","description":"Набор значений для указания типов стадирования.","exampleBoolean":false,"groupingId":"-term-valueset"},{"extension":[{"url":"http://hl7.org/fhir/StructureDefinition/implementationguide-page","valueUri":"ValueSet-mmdx-vs-stagingsystem.html"}],"reference":{"reference":"ValueSet/mmdx-vs-stagingsystem"},"name":"Системы стадирования","description":"Системы стадирования.","exampleBoolean":false,"groupingId":"-term-valueset"},{"extension":[{"url":"http://hl7.org/fhir/StructureDefinition/implementationguide-page","valueUri":"ValueSet-mmdx-vs-tnmm.html"}],"reference":{"reference":"ValueSet/mmdx-vs-tnmm"},"name":"TNM Distant Metastases","description":"TNM Distant Metastases.","exampleBoolean":false,"groupingId":"-term-valueset"},{"extension":[{"url":"http://hl7.org/fhir/StructureDefinition/implementationguide-page","valueUri":"ValueSet-mmdx-vs-tnmn.html"}],"reference":{"reference":"ValueSet/mmdx-vs-tnmn"},"name":"TNM Regional Nodes","description":"TNM Regional Nodes.","exampleBoolean":false,"groupingId":"-term-valueset"},{"extension":[{"url":"http://hl7.org/fhir/StructureDefinition/implementationguide-page","valueUri":"ValueSet-mmdx-vs-tnmt.html"}],"reference":{"reference":"ValueSet/mmdx-vs-tnmt"},"name":"TNM Primary Tumor","description":"TNM Primary Tumor.","exampleBoolean":false,"groupingId":"-term-valueset"},{"extension":[{"url":"http://hl7.org/fhir/StructureDefinition/implementationguide-page","valueUri":"ValueSet-nsi-vs-1-2-643-5-1-13-13-11-1002.html"}],"reference":{"reference":"ValueSet/nsi-vs-1-2-643-5-1-13-13-11-1002"},"name":"Должности медицинских и фармацевтических работников [все значения]","description":"'Должности медицинских и фармацевтических работников'  \n[набор из всех значений системы кодирования]","exampleBoolean":false,"groupingId":"-term-valueset"},{"extension":[{"url":"http://hl7.org/fhir/StructureDefinition/implementationguide-page","valueUri":"ValueSet-nsi-vs-1-2-643-5-1-13-13-11-1005.html"}],"reference":{"reference":"ValueSet/nsi-vs-1-2-643-5-1-13-13-11-1005"},"name":"Международная статистическая классификация болезней и проблем, связанных со здоровьем (10-й пересмотр) [все значения]","description":"'Международная статистическая классификация болезней и проблем, связанных со здоровьем (10-й пересмотр)'  \n[набор из всех значений системы кодирования]","exampleBoolean":false,"groupingId":"-term-valueset"},{"extension":[{"url":"http://hl7.org/fhir/StructureDefinition/implementationguide-page","valueUri":"ValueSet-nsi-vs-1-2-643-5-1-13-13-11-1035.html"}],"reference":{"reference":"ValueSet/nsi-vs-1-2-643-5-1-13-13-11-1035"},"name":"Виды полиса обязательного медицинского страхования [все значения]","description":"'Виды полиса обязательного медицинского страхования'  \n[набор из всех значений системы кодирования]","exampleBoolean":false,"groupingId":"-term-valueset"},{"extension":[{"url":"http://hl7.org/fhir/StructureDefinition/implementationguide-page","valueUri":"ValueSet-nsi-vs-1-2-643-5-1-13-13-11-1040.html"}],"reference":{"reference":"ValueSet/nsi-vs-1-2-643-5-1-13-13-11-1040"},"name":"Пол пациента [все значения]","description":"'Пол пациента'  \n[набор из всех значений системы кодирования]","exampleBoolean":false,"groupingId":"-term-valueset"},{"extension":[{"url":"http://hl7.org/fhir/StructureDefinition/implementationguide-page","valueUri":"ValueSet-nsi-vs-1-2-643-5-1-13-13-11-1066.html"}],"reference":{"reference":"ValueSet/nsi-vs-1-2-643-5-1-13-13-11-1066"},"name":"Номенклатура специальностей специалистов, имеющих медицинское и фармацевтическое образование [все значения]","description":"'Номенклатура специальностей специалистов, имеющих медицинское и фармацевтическое образование'  \n[набор из всех значений системы кодирования]","exampleBoolean":false,"groupingId":"-term-valueset"},{"extension":[{"url":"http://hl7.org/fhir/StructureDefinition/implementationguide-page","valueUri":"ValueSet-nsi-vs-1-2-643-5-1-13-13-11-1077.html"}],"reference":{"reference":"ValueSet/nsi-vs-1-2-643-5-1-13-13-11-1077"},"name":"Виды нозологических единиц диагноза [все значения]","description":"'Виды нозологических единиц диагноза'  \n[набор из всех значений системы кодирования]","exampleBoolean":false,"groupingId":"-term-valueset"},{"extension":[{"url":"http://hl7.org/fhir/StructureDefinition/implementationguide-page","valueUri":"ValueSet-nsi-vs-1-2-643-5-1-13-13-11-1506.html"}],"reference":{"reference":"ValueSet/nsi-vs-1-2-643-5-1-13-13-11-1506"},"name":"Цели проведения врачебной комиссии (консилиума врачей) [все значения]","description":"'Цели проведения врачебной комиссии (консилиума врачей)'  \n[набор из всех значений системы кодирования]","exampleBoolean":false,"groupingId":"-term-valueset"},{"extension":[{"url":"http://hl7.org/fhir/StructureDefinition/implementationguide-page","valueUri":"CodeSystem-mmdx-cs-identifier-type.html"}],"reference":{"reference":"CodeSystem/mmdx-cs-identifier-type"},"name":"Справочник типов идентификаторов [Мирамедикс]","description":"Справочник типов идентификаторов для информационной системы Мирамедикс.","exampleBoolean":false,"groupingId":"-term-codesystem"},{"extension":[{"url":"http://hl7.org/fhir/StructureDefinition/implementationguide-page","valueUri":"CodeSystem-nsi-cs-1-2-643-5-1-13-13-11-1002.html"}],"reference":{"reference":"CodeSystem/nsi-cs-1-2-643-5-1-13-13-11-1002"},"name":"Должности медицинских и фармацевтических работников","description":"Справочник ФНСИ:  \n'Должности медицинских и фармацевтических работников'  \nверсия '7.4'  \n[1.2.643.5.1.13.13.11.1002](https://nsi.rosminzdrav.ru/#!/refbook/1.2.643.5.1.13.13.11.1002/version/7.4)","exampleBoolean":false,"groupingId":"-term-codesystem"},{"extension":[{"url":"http://hl7.org/fhir/StructureDefinition/implementationguide-page","valueUri":"CodeSystem-nsi-cs-1-2-643-5-1-13-13-11-1005.html"}],"reference":{"reference":"CodeSystem/nsi-cs-1-2-643-5-1-13-13-11-1005"},"name":"Международная статистическая классификация болезней и проблем, связанных со здоровьем (10-й пересмотр)","description":"Справочник ФНСИ:  \n'Международная статистическая классификация болезней и проблем, связанных со здоровьем (10-й пересмотр)'  \nверсия '2.19'  \n[1.2.643.5.1.13.13.11.1005](https://nsi.rosminzdrav.ru/#!/refbook/1.2.643.5.1.13.13.11.1005/version/2.19)  \nПредставлен только фрагмент справочника, полную версию необходимо получить на ФНСИ.","exampleBoolean":false,"groupingId":"-term-codesystem"},{"extension":[{"url":"http://hl7.org/fhir/StructureDefinition/implementationguide-page","valueUri":"CodeSystem-nsi-cs-1-2-643-5-1-13-13-11-1035.html"}],"reference":{"reference":"CodeSystem/nsi-cs-1-2-643-5-1-13-13-11-1035"},"name":"Виды полиса обязательного медицинского страхования","description":"Справочник ФНСИ:  \n'Виды полиса обязательного медицинского страхования'  \nверсия '1.3'  \n[1.2.643.5.1.13.13.11.1035](https://nsi.rosminzdrav.ru/#!/refbook/1.2.643.5.1.13.13.11.1035/version/1.3)","exampleBoolean":false,"groupingId":"-term-codesystem"},{"extension":[{"url":"http://hl7.org/fhir/StructureDefinition/implementationguide-page","valueUri":"CodeSystem-nsi-cs-1-2-643-5-1-13-13-11-1040.html"}],"reference":{"reference":"CodeSystem/nsi-cs-1-2-643-5-1-13-13-11-1040"},"name":"Пол пациента","description":"Справочник ФНСИ:  \n'Пол пациента'  \nверсия '2.1'  \n[1.2.643.5.1.13.13.11.1040](https://nsi.rosminzdrav.ru/#!/refbook/1.2.643.5.1.13.13.11.1040/version/2.1)","exampleBoolean":false,"groupingId":"-term-codesystem"},{"extension":[{"url":"http://hl7.org/fhir/StructureDefinition/implementationguide-page","valueUri":"CodeSystem-nsi-cs-1-2-643-5-1-13-13-11-1066.html"}],"reference":{"reference":"CodeSystem/nsi-cs-1-2-643-5-1-13-13-11-1066"},"name":"Номенклатура специальностей специалистов, имеющих медицинское и фармацевтическое образование","description":"Справочник ФНСИ:  \n'Номенклатура специальностей специалистов, имеющих медицинское и фармацевтическое образование'  \nверсия '5.3'  \n[1.2.643.5.1.13.13.11.1066](https://nsi.rosminzdrav.ru/#!/refbook/1.2.643.5.1.13.13.11.1066/version/5.3)","exampleBoolean":false,"groupingId":"-term-codesystem"},{"extension":[{"url":"http://hl7.org/fhir/StructureDefinition/implementationguide-page","valueUri":"CodeSystem-nsi-cs-1-2-643-5-1-13-13-11-1077.html"}],"reference":{"reference":"CodeSystem/nsi-cs-1-2-643-5-1-13-13-11-1077"},"name":"Виды нозологических единиц диагноза","description":"Справочник ФНСИ:  \n'Виды нозологических единиц диагноза'  \nверсия '1.3'  \n[1.2.643.5.1.13.13.11.1077](https://nsi.rosminzdrav.ru/#!/refbook/1.2.643.5.1.13.13.11.1077/version/1.3)","exampleBoolean":false,"groupingId":"-term-codesystem"},{"extension":[{"url":"http://hl7.org/fhir/StructureDefinition/implementationguide-page","valueUri":"CodeSystem-nsi-cs-1-2-643-5-1-13-13-11-1506.html"}],"reference":{"reference":"CodeSystem/nsi-cs-1-2-643-5-1-13-13-11-1506"},"name":"Цели проведения врачебной комиссии (консилиума врачей)","description":"Справочник ФНСИ:  \n'Цели проведения врачебной комиссии (консилиума врачей)'  \nверсия '1.3'  \n[1.2.643.5.1.13.13.11.1506](https://nsi.rosminzdrav.ru/#!/refbook/1.2.643.5.1.13.13.11.1506/version/1.3)","exampleBoolean":false,"groupingId":"-term-codesystem"},{"extension":[{"url":"http://hl7.org/fhir/StructureDefinition/implementationguide-page","valueUri":"Organization-6873053d-d859-4ef2-a013-17a6fa1803f2.html"}],"reference":{"reference":"Organization/6873053d-d859-4ef2-a013-17a6fa1803f2"},"name":"Пример структурного подразделения - Центр амбулаторной онкологической помощи (ГБУЗ МО ЛОБ)","exampleCanonical":"http://miramedix.ru/fhir/StructureDefinition/mmdx-organization-division","groupingId":"-ex-example"},{"extension":[{"url":"http://hl7.org/fhir/StructureDefinition/implementationguide-page","valueUri":"Organization-b8f3071b-1537-40a9-b092-044bdaf69b62.html"}],"reference":{"reference":"Organization/b8f3071b-1537-40a9-b092-044bdaf69b62"},"name":"Пример организации - ГБУЗ МО ЛОБ","exampleCanonical":"http://miramedix.ru/fhir/StructureDefinition/mmdx-organization","groupingId":"-ex-example"},{"extension":[{"url":"http://hl7.org/fhir/StructureDefinition/implementationguide-page","valueUri":"Bundle-mmdx-bundle-org-instance-lob.html"}],"reference":{"reference":"Bundle/mmdx-bundle-org-instance-lob"},"name":"Пример бандла - Передача данных об организации","exampleCanonical":"http://miramedix.ru/fhir/StructureDefinition/mmdx-bundle-org","groupingId":"-ex-example"},{"extension":[{"url":"http://hl7.org/fhir/StructureDefinition/implementationguide-page","valueUri":"Condition-mmdx-condition-instance-nu-1.html"}],"reference":{"reference":"Condition/mmdx-condition-instance-nu-1"},"name":"Пример нозологической единицы - C50.3 Злокачественное новообразование нижневнутреннего квадранта молочной железы","exampleCanonical":"http://miramedix.ru/fhir/StructureDefinition/mmdx-condition-nu","groupingId":"-ex-example"},{"extension":[{"url":"http://hl7.org/fhir/StructureDefinition/implementationguide-page","valueUri":"Observation-mmdx-observation-nustagingonco-instance-1.html"}],"reference":{"reference":"Observation/mmdx-observation-nustagingonco-instance-1"},"name":"Пример стадирование онкологического заболевания","exampleCanonical":"http://miramedix.ru/fhir/StructureDefinition/mmdx-observation-nustagingonco","groupingId":"-ex-example"},{"extension":[{"url":"http://hl7.org/fhir/StructureDefinition/implementationguide-page","valueUri":"Observation-mmdx-observation-tnmm-instance-1.html"}],"reference":{"reference":"Observation/mmdx-observation-tnmm-instance-1"},"name":"Пример стадирование M (metastasis) — наличие отдалённых метастазов","exampleCanonical":"http://miramedix.ru/fhir/StructureDefinition/mmdx-observation-tnmm","groupingId":"-ex-example"},{"extension":[{"url":"http://hl7.org/fhir/StructureDefinition/implementationguide-page","valueUri":"Observation-mmdx-observation-tnmn-instance-1.html"}],"reference":{"reference":"Observation/mmdx-observation-tnmn-instance-1"},"name":"Пример стадирование N (nodus) — наличие метастазов в регионарных лимфатических узлах","exampleCanonical":"http://miramedix.ru/fhir/StructureDefinition/mmdx-observation-tnmn","groupingId":"-ex-example"},{"extension":[{"url":"http://hl7.org/fhir/StructureDefinition/implementationguide-page","valueUri":"Observation-mmdx-observation-tnmt-instance-1.html"}],"reference":{"reference":"Observation/mmdx-observation-tnmt-instance-1"},"name":"Пример стадирование T (tumor) — распространённость первичной опухоли","exampleCanonical":"http://miramedix.ru/fhir/StructureDefinition/mmdx-observation-tnmt","groupingId":"-ex-example"},{"extension":[{"url":"http://hl7.org/fhir/StructureDefinition/implementationguide-page","valueUri":"Patient-mmdx-patient-instance-konstantinopolskaya.html"}],"reference":{"reference":"Patient/mmdx-patient-instance-konstantinopolskaya"},"name":"Пример пациента - Константинопольская Анна Вероника Мамед кызы","exampleCanonical":"http://miramedix.ru/fhir/StructureDefinition/mmdx-patient","groupingId":"-ex-example"}],"page":{"nameUrl":"toc.html","title":"Table of Contents","generation":"html","page":[{"nameUrl":"index.html","title":"Home","generation":"markdown"},{"nameUrl":"nu.html","title":"Nu","generation":"markdown"},{"nameUrl":"artifacts.html","title":"Artifacts Summary","generation":"html","page":[{"nameUrl":"StructureDefinition-mmdx-bundle-org.html","title":"Бандл для передачи данных об организации","generation":"generated"},{"nameUrl":"StructureDefinition-mmdx-condition-nu.html","title":"Нозологическая единица","generation":"generated"},{"nameUrl":"StructureDefinition-mmdx-observation-nustagingonco.html","title":"Стадирование онкологического заболевания","generation":"generated"},{"nameUrl":"StructureDefinition-mmdx-observation-tnmm.html","title":"M (metastasis) — наличие отдалённых метастазов","generation":"generated"},{"nameUrl":"StructureDefinition-mmdx-observation-tnmn.html","title":"N (nodus) — наличие метастазов в регионарных лимфатических узлах","generation":"generated"},{"nameUrl":"StructureDefinition-mmdx-observation-tnmt.html","title":"T (tumor) — распространённость первичной опухоли","generation":"generated"},{"nameUrl":"StructureDefinition-mmdx-organization.html","title":"Сведения о медицинской организации","generation":"generated"},{"nameUrl":"StructureDefinition-mmdx-organization-division.html","title":"Сведения о структурном подразделении","generation":"generated"},{"nameUrl":"StructureDefinition-mmdx-patient.html","title":"Сведения о пациенте","generation":"generated"},{"nameUrl":"StructureDefinition-mmdx-ext-condition-histology.html","title":"Гистологическая структура опухоли.","generation":"generated"},{"nameUrl":"StructureDefinition-mmdx-ext-nsi-gender.html","title":"Кодирования пола по справочнику ФНСИ.","generation":"generated"},{"nameUrl":"ValueSet-mmdx-vs-histology.html","title":"Гистологическая структура опухоли","generation":"generated"},{"nameUrl":"ValueSet-mmdx-vs-patient-identifier-type.html","title":"Набор значений типов идентификаторов пациентов [Мирамедикс]","generation":"generated"},{"nameUrl":"ValueSet-mmdx-vs-stagegroup.html","title":"Набор значений стадий","generation":"generated"},{"nameUrl":"ValueSet-mmdx-vs-stagetype.html","title":"Набор значений типов стадирования","generation":"generated"},{"nameUrl":"ValueSet-mmdx-vs-stagingsystem.html","title":"Системы стадирования","generation":"generated"},{"nameUrl":"ValueSet-mmdx-vs-tnmm.html","title":"TNM Distant Metastases","generation":"generated"},{"nameUrl":"ValueSet-mmdx-vs-tnmn.html","title":"TNM Regional Nodes","generation":"generated"},{"nameUrl":"ValueSet-mmdx-vs-tnmt.html","title":"TNM Primary Tumor","generation":"generated"},{"nameUrl":"ValueSet-nsi-vs-1-2-643-5-1-13-13-11-1002.html","title":"Должности медицинских и фармацевтических работников [все значения]","generation":"generated"},{"nameUrl":"ValueSet-nsi-vs-1-2-643-5-1-13-13-11-1005.html","title":"Международная статистическая классификация болезней и проблем, связанных со здоровьем (10-й пересмотр) [все значения]","generation":"generated"},{"nameUrl":"ValueSet-nsi-vs-1-2-643-5-1-13-13-11-1035.html","title":"Виды полиса обязательного медицинского страхования [все значения]","generation":"generated"},{"nameUrl":"ValueSet-nsi-vs-1-2-643-5-1-13-13-11-1040.html","title":"Пол пациента [все значения]","generation":"generated"},{"nameUrl":"ValueSet-nsi-vs-1-2-643-5-1-13-13-11-1066.html","title":"Номенклатура специальностей специалистов, имеющих медицинское и фармацевтическое образование [все значения]","generation":"generated"},{"nameUrl":"ValueSet-nsi-vs-1-2-643-5-1-13-13-11-1077.html","title":"Виды нозологических единиц диагноза [все значения]","generation":"generated"},{"nameUrl":"ValueSet-nsi-vs-1-2-643-5-1-13-13-11-1506.html","title":"Цели проведения врачебной комиссии (консилиума врачей) [все значения]","generation":"generated"},{"nameUrl":"CodeSystem-mmdx-cs-identifier-type.html","title":"Справочник типов идентификаторов [Мирамедикс]","generation":"generated"},{"nameUrl":"CodeSystem-nsi-cs-1-2-643-5-1-13-13-11-1002.html","title":"Должности медицинских и фармацевтических работников","generation":"generated"},{"nameUrl":"CodeSystem-nsi-cs-1-2-643-5-1-13-13-11-1005.html","title":"Международная статистическая классификация болезней и проблем, связанных со здоровьем (10-й пересмотр)","generation":"generated"},{"nameUrl":"CodeSystem-nsi-cs-1-2-643-5-1-13-13-11-1035.html","title":"Виды полиса обязательного медицинского страхования","generation":"generated"},{"nameUrl":"CodeSystem-nsi-cs-1-2-643-5-1-13-13-11-1040.html","title":"Пол пациента","generation":"generated"},{"nameUrl":"CodeSystem-nsi-cs-1-2-643-5-1-13-13-11-1066.html","title":"Номенклатура специальностей специалистов, имеющих медицинское и фармацевтическое образование","generation":"generated"},{"nameUrl":"CodeSystem-nsi-cs-1-2-643-5-1-13-13-11-1077.html","title":"Виды нозологических единиц диагноза","generation":"generated"},{"nameUrl":"CodeSystem-nsi-cs-1-2-643-5-1-13-13-11-1506.html","title":"Цели проведения врачебной комиссии (консилиума врачей)","generation":"generated"},{"nameUrl":"Organization-6873053d-d859-4ef2-a013-17a6fa1803f2.html","title":"Пример структурного подразделения - Центр амбулаторной онкологической помощи (ГБУЗ МО ЛОБ)","generation":"generated"},{"nameUrl":"Organization-b8f3071b-1537-40a9-b092-044bdaf69b62.html","title":"Пример организации - ГБУЗ МО ЛОБ","generation":"generated"},{"nameUrl":"Bundle-mmdx-bundle-org-instance-lob.html","title":"Пример бандла - Передача данных об организации","generation":"generated"},{"nameUrl":"Condition-mmdx-condition-instance-nu-1.html","title":"Пример нозологической единицы - C50.3 Злокачественное новообразование нижневнутреннего квадранта молочной железы","generation":"generated"},{"nameUrl":"Observation-mmdx-observation-nustagingonco-instance-1.html","title":"Пример стадирование онкологического заболевания","generation":"generated"},{"nameUrl":"Observation-mmdx-observation-tnmm-instance-1.html","title":"Пример стадирование M (metastasis) — наличие отдалённых метастазов","generation":"generated"},{"nameUrl":"Observation-mmdx-observation-tnmn-instance-1.html","title":"Пример стадирование N (nodus) — наличие метастазов в регионарных лимфатических узлах","generation":"generated"},{"nameUrl":"Observation-mmdx-observation-tnmt-instance-1.html","title":"Пример стадирование T (tumor) — распространённость первичной опухоли","generation":"generated"},{"nameUrl":"Patient-mmdx-patient-instance-konstantinopolskaya.html","title":"Пример пациента - Константинопольская Анна Вероника Мамед кызы","generation":"generated"}]}]},"parameter":[{"code":"path-resource","value":"input/capabilities"},{"code":"path-resource","value":"input/examples"},{"code":"path-resource","value":"input/extensions"},{"code":"path-resource","value":"input/models"},{"code":"path-resource","value":"input/operations"},{"code":"path-resource","value":"input/profiles"},{"code":"path-resource","value":"input/resources"},{"code":"path-resource","value":"input/vocabulary"},{"code":"path-resource","value":"input/maps"},{"code":"path-resource","value":"input/testing"},{"code":"path-resource","value":"input/history"},{"code":"path-resource","value":"fsh-generated/resources"},{"code":"path-pages","value":"template/config"},{"code":"path-pages","value":"input/images"},{"code":"path-tx-cache","value":"input-cache/txcache"}]}}