{"resourceType":"ImplementationGuide","id":"fhir-miramedix-mosreg","text":{"status":"extensions","div":"<div xmlns=\"http://www.w3.org/1999/xhtml\"><h2>MiramedixMosregIG</h2><p>The official URL for this implementation guide is: </p><pre>http://miramedix.ru/fhir/ig/mosreg/ImplementationGuide/fhir-miramedix-mosreg</pre><div><p>Miramedix mosreg IG</p>\n</div></div>"},"url":"http://miramedix.ru/fhir/ig/mosreg/ImplementationGuide/fhir-miramedix-mosreg","version":"0.1.0","name":"MiramedixMosregIG","title":"HL7 FHIR Implementation Guide: Miramedix mosreg IG Release 1 - RU Realm | STU1","status":"draft","date":"2021-11-03T12:31:39+03:00","description":"Miramedix mosreg IG","packageId":"fhir-miramedix-mosreg","license":"CC0-1.0","fhirVersion":["4.0.1"],"definition":{"extension":[{"extension":[{"url":"code","valueString":"copyrightyear"},{"url":"value","valueString":"2021+"}],"url":"http://hl7.org/fhir/tools/StructureDefinition/ig-parameter"},{"extension":[{"url":"code","valueString":"releaselabel"},{"url":"value","valueString":"ci-build"}],"url":"http://hl7.org/fhir/tools/StructureDefinition/ig-parameter"},{"extension":[{"url":"code","valueString":"apply-version"},{"url":"value","valueString":"false"}],"url":"http://hl7.org/fhir/tools/StructureDefinition/ig-parameter"},{"extension":[{"url":"code","valueString":"path-liquid"},{"url":"value","valueString":"template/liquid"}],"url":"http://hl7.org/fhir/tools/StructureDefinition/ig-parameter"},{"extension":[{"url":"code","valueString":"path-liquid"},{"url":"value","valueString":"input/liquid"}],"url":"http://hl7.org/fhir/tools/StructureDefinition/ig-parameter"},{"extension":[{"url":"code","valueString":"path-qa"},{"url":"value","valueString":"temp/qa"}],"url":"http://hl7.org/fhir/tools/StructureDefinition/ig-parameter"},{"extension":[{"url":"code","valueString":"path-temp"},{"url":"value","valueString":"temp/pages"}],"url":"http://hl7.org/fhir/tools/StructureDefinition/ig-parameter"},{"extension":[{"url":"code","valueString":"path-output"},{"url":"value","valueString":"output"}],"url":"http://hl7.org/fhir/tools/StructureDefinition/ig-parameter"},{"extension":[{"url":"code","valueString":"path-suppressed-warnings"},{"url":"value","valueString":"input/ignoreWarnings.txt"}],"url":"http://hl7.org/fhir/tools/StructureDefinition/ig-parameter"},{"extension":[{"url":"code","valueString":"path-history"},{"url":"value","valueString":"http://miramedix.ru/fhir/ig/mosreg/history.html"}],"url":"http://hl7.org/fhir/tools/StructureDefinition/ig-parameter"},{"extension":[{"url":"code","valueString":"template-html"},{"url":"value","valueString":"template-page.html"}],"url":"http://hl7.org/fhir/tools/StructureDefinition/ig-parameter"},{"extension":[{"url":"code","valueString":"template-md"},{"url":"value","valueString":"template-page-md.html"}],"url":"http://hl7.org/fhir/tools/StructureDefinition/ig-parameter"},{"extension":[{"url":"code","valueString":"apply-contact"},{"url":"value","valueString":"true"}],"url":"http://hl7.org/fhir/tools/StructureDefinition/ig-parameter"},{"extension":[{"url":"code","valueString":"apply-context"},{"url":"value","valueString":"true"}],"url":"http://hl7.org/fhir/tools/StructureDefinition/ig-parameter"},{"extension":[{"url":"code","valueString":"apply-copyright"},{"url":"value","valueString":"true"}],"url":"http://hl7.org/fhir/tools/StructureDefinition/ig-parameter"},{"extension":[{"url":"code","valueString":"apply-jurisdiction"},{"url":"value","valueString":"true"}],"url":"http://hl7.org/fhir/tools/StructureDefinition/ig-parameter"},{"extension":[{"url":"code","valueString":"apply-license"},{"url":"value","valueString":"true"}],"url":"http://hl7.org/fhir/tools/StructureDefinition/ig-parameter"},{"extension":[{"url":"code","valueString":"apply-publisher"},{"url":"value","valueString":"true"}],"url":"http://hl7.org/fhir/tools/StructureDefinition/ig-parameter"},{"extension":[{"url":"code","valueString":"active-tables"},{"url":"value","valueString":"true"}],"url":"http://hl7.org/fhir/tools/StructureDefinition/ig-parameter"}],"grouping":[{"id":"-str-profile","name":"Structures: Resource Profiles","description":"These define constraints on FHIR resources for systems conforming to this implementation guide"},{"id":"-ex-example","name":"Example: Example Instances","description":"These are example instances that show what data produced and consumed by systems conforming with this implementation guide might look like"}],"resource":[{"extension":[{"url":"http://hl7.org/fhir/StructureDefinition/implementationguide-page","valueUri":"StructureDefinition-miramedix-demo-bundle-org.html"}],"reference":{"reference":"StructureDefinition/miramedix-demo-bundle-org"},"name":"Бандл для передачи данных об организации","description":"Бандл для передачи данных об организации.","exampleBoolean":false,"groupingId":"-str-profile"},{"extension":[{"url":"http://hl7.org/fhir/StructureDefinition/implementationguide-page","valueUri":"StructureDefinition-miramedix-demo-organization.html"}],"reference":{"reference":"StructureDefinition/miramedix-demo-organization"},"name":"Сведения о медицинской организации","description":"Сведения о медицинской организации.","exampleBoolean":false,"groupingId":"-str-profile"},{"extension":[{"url":"http://hl7.org/fhir/StructureDefinition/implementationguide-page","valueUri":"StructureDefinition-miramedix-demo-organization-division.html"}],"reference":{"reference":"StructureDefinition/miramedix-demo-organization-division"},"name":"Сведения о структурном подразделении","description":"Сведения о структурном подразделении.","exampleBoolean":false,"groupingId":"-str-profile"},{"extension":[{"url":"http://hl7.org/fhir/StructureDefinition/implementationguide-page","valueUri":"Organization-6873053d-d859-4ef2-a013-17a6fa1803f2.html"}],"reference":{"reference":"Organization/6873053d-d859-4ef2-a013-17a6fa1803f2"},"name":"Пример структурного подразделения - Центр амбулаторной онкологической помощи (ГБУЗ МО ЛОБ)","exampleCanonical":"http://miramedix.ru/fhir/StructureDefinition/miramedix-demo-organization-division","groupingId":"-ex-example"},{"extension":[{"url":"http://hl7.org/fhir/StructureDefinition/implementationguide-page","valueUri":"Organization-b8f3071b-1537-40a9-b092-044bdaf69b62.html"}],"reference":{"reference":"Organization/b8f3071b-1537-40a9-b092-044bdaf69b62"},"name":"Пример организации - ГБУЗ МО ЛОБ","exampleCanonical":"http://miramedix.ru/fhir/StructureDefinition/miramedix-demo-organization","groupingId":"-ex-example"},{"extension":[{"url":"http://hl7.org/fhir/StructureDefinition/implementationguide-page","valueUri":"Bundle-miramedix-demo-bundle-org-instance-lob.html"}],"reference":{"reference":"Bundle/miramedix-demo-bundle-org-instance-lob"},"name":"Пример бандла - Передача данных об организации","exampleCanonical":"http://miramedix.ru/fhir/StructureDefinition/miramedix-demo-bundle-org","groupingId":"-ex-example"}],"page":{"nameUrl":"toc.html","title":"Table of Contents","generation":"html","page":[{"nameUrl":"index.html","title":"Home","generation":"markdown"},{"nameUrl":"artifacts.html","title":"Artifacts Summary","generation":"html","page":[{"nameUrl":"StructureDefinition-miramedix-demo-bundle-org.html","title":"Бандл для передачи данных об организации","generation":"generated"},{"nameUrl":"StructureDefinition-miramedix-demo-organization.html","title":"Сведения о медицинской организации","generation":"generated"},{"nameUrl":"StructureDefinition-miramedix-demo-organization-division.html","title":"Сведения о структурном подразделении","generation":"generated"},{"nameUrl":"Organization-6873053d-d859-4ef2-a013-17a6fa1803f2.html","title":"Пример структурного подразделения - Центр амбулаторной онкологической помощи (ГБУЗ МО ЛОБ)","generation":"generated"},{"nameUrl":"Organization-b8f3071b-1537-40a9-b092-044bdaf69b62.html","title":"Пример организации - ГБУЗ МО ЛОБ","generation":"generated"},{"nameUrl":"Bundle-miramedix-demo-bundle-org-instance-lob.html","title":"Пример бандла - Передача данных об организации","generation":"generated"}]}]},"parameter":[{"code":"path-resource","value":"input/capabilities"},{"code":"path-resource","value":"input/examples"},{"code":"path-resource","value":"input/extensions"},{"code":"path-resource","value":"input/models"},{"code":"path-resource","value":"input/operations"},{"code":"path-resource","value":"input/profiles"},{"code":"path-resource","value":"input/resources"},{"code":"path-resource","value":"input/vocabulary"},{"code":"path-resource","value":"input/maps"},{"code":"path-resource","value":"input/testing"},{"code":"path-resource","value":"input/history"},{"code":"path-resource","value":"fsh-generated/resources"},{"code":"path-pages","value":"template/config"},{"code":"path-pages","value":"input/images"},{"code":"path-tx-cache","value":"input-cache/txcache"}]}}