{"resourceType":"StructureDefinition","id":"miramedix-demo-bundle-org","text":{"status":"extensions","div":"<div xmlns=\"http://www.w3.org/1999/xhtml\"><table border=\"0\" cellpadding=\"0\" cellspacing=\"0\" style=\"border: 0px #F0F0F0 solid; font-size: 11px; font-family: verdana; vertical-align: top;\"><tr style=\"border: 1px #F0F0F0 solid; font-size: 11px; font-family: verdana; vertical-align: top\"><th style=\"vertical-align: top; text-align : left; background-color: white; border: 0px #F0F0F0 solid; padding:0px 4px 0px 4px\" class=\"hierarchy\"><a href=\"http://hl7.org/fhir/R4/formats.html#table\" title=\"The logical name of the element\">Name</a></th><th style=\"vertical-align: top; text-align : left; background-color: white; border: 0px #F0F0F0 solid; padding:0px 4px 0px 4px\" class=\"hierarchy\"><a href=\"http://hl7.org/fhir/R4/formats.html#table\" title=\"Information about the use of the element\">Flags</a></th><th style=\"vertical-align: top; text-align : left; background-color: white; border: 0px #F0F0F0 solid; padding:0px 4px 0px 4px\" class=\"hierarchy\"><a href=\"http://hl7.org/fhir/R4/formats.html#table\" title=\"Minimum and Maximum # of times the the element can appear in the instance\">Card.</a></th><th style=\"width: 100px\" class=\"hierarchy\"><a href=\"http://hl7.org/fhir/R4/formats.html#table\" title=\"Reference to the type of the element\">Type</a></th><th style=\"vertical-align: top; text-align : left; background-color: white; border: 0px #F0F0F0 solid; padding:0px 4px 0px 4px\" class=\"hierarchy\"><a href=\"http://hl7.org/fhir/R4/formats.html#table\" title=\"Additional information about the element\">Description &amp; Constraints</a><span style=\"float: right\"><a href=\"http://hl7.org/fhir/R4/formats.html#table\" title=\"Legend for this format\"><img src=\"http://hl7.org/fhir/R4/help16.png\" alt=\"doco\" style=\"background-color: inherit\"/></a></span></th></tr><tr style=\"border: 0px #F0F0F0 solid; padding:0px; vertical-align: top; background-color: white\"><td style=\"vertical-align: top; text-align : left; background-color: white; border: 0px #F0F0F0 solid; padding:0px 4px 0px 4px; white-space: nowrap; background-image: url(tbl_bck1.png)\" class=\"hierarchy\"><img src=\"tbl_spacer.png\" alt=\".\" style=\"background-color: inherit\" class=\"hierarchy\"/><img src=\"icon_resource.png\" alt=\".\" style=\"background-color: white; background-color: inherit\" title=\"Resource\" class=\"hierarchy\"/> <a href=\"StructureDefinition-miramedix-demo-bundle-org-definitions.html#Bundle\">Bundle</a><a name=\"Bundle\"> </a></td><td style=\"vertical-align: top; text-align : left; background-color: white; border: 0px #F0F0F0 solid; padding:0px 4px 0px 4px\" class=\"hierarchy\"><span style=\"padding-left: 3px; padding-right: 3px; color: white; background-color: red\" title=\"This element must be supported\">S</span></td><td style=\"vertical-align: top; text-align : left; background-color: white; border: 0px #F0F0F0 solid; padding:0px 4px 0px 4px\" class=\"hierarchy\">1..1</td><td style=\"vertical-align: top; text-align : left; background-color: white; border: 0px #F0F0F0 solid; padding:0px 4px 0px 4px\" class=\"hierarchy\"><a href=\"http://hl7.org/fhir/R4/bundle.html\">Bundle</a></td><td style=\"vertical-align: top; text-align : left; background-color: white; border: 0px #F0F0F0 solid; padding:0px 4px 0px 4px\" class=\"hierarchy\"><span style=\"opacity: 0.5\">Contains a collection of resources</span></td></tr>\r\n<tr style=\"border: 0px #F0F0F0 solid; padding:0px; vertical-align: top; background-color: #F7F7F7\"><td style=\"vertical-align: top; text-align : left; background-color: #F7F7F7; border: 0px #F0F0F0 solid; padding:0px 4px 0px 4px; white-space: nowrap; background-image: url(tbl_bck10.png)\" class=\"hierarchy\"><img src=\"tbl_spacer.png\" alt=\".\" style=\"background-color: inherit\" class=\"hierarchy\"/><img src=\"tbl_vjoin.png\" alt=\".\" style=\"background-color: inherit\" class=\"hierarchy\"/><img src=\"icon_element.gif\" alt=\".\" style=\"background-color: #F7F7F7; background-color: inherit\" title=\"Element\" class=\"hierarchy\"/> <a href=\"StructureDefinition-miramedix-demo-bundle-org-definitions.html#Bundle.type\" title=\"Тип бандла.\nВ данном случае бандл - коллекция взаимосвязанных ресурсов.\">type</a><a name=\"Bundle.type\"> </a></td><td style=\"vertical-align: top; text-align : left; background-color: #F7F7F7; border: 0px #F0F0F0 solid; padding:0px 4px 0px 4px\" class=\"hierarchy\"><span style=\"padding-left: 3px; padding-right: 3px; color: white; background-color: red\" title=\"This element must be supported\">S</span></td><td style=\"vertical-align: top; text-align : left; background-color: #F7F7F7; border: 0px #F0F0F0 solid; padding:0px 4px 0px 4px\" class=\"hierarchy\"><span style=\"opacity: 0.5\">1</span><span style=\"opacity: 0.5\">..</span><span style=\"opacity: 0.5\">1</span></td><td style=\"vertical-align: top; text-align : left; background-color: #F7F7F7; border: 0px #F0F0F0 solid; padding:0px 4px 0px 4px\" class=\"hierarchy\"><a style=\"opacity: 0.5\" href=\"http://hl7.org/fhir/R4/datatypes.html#code\">code</a></td><td style=\"vertical-align: top; text-align : left; background-color: #F7F7F7; border: 0px #F0F0F0 solid; padding:0px 4px 0px 4px\" class=\"hierarchy\">Тип бандла - коллекция ресурсов<br/><span style=\"font-weight:bold\">Required Pattern: </span><span style=\"color: darkgreen\">collection</span></td></tr>\r\n<tr style=\"border: 0px #F0F0F0 solid; padding:0px; vertical-align: top; background-color: white\"><td style=\"vertical-align: top; text-align : left; background-color: white; border: 0px #F0F0F0 solid; padding:0px 4px 0px 4px; white-space: nowrap; background-image: url(tbl_bck01.png)\" class=\"hierarchy\"><img src=\"tbl_spacer.png\" alt=\".\" style=\"background-color: inherit\" class=\"hierarchy\"/><img src=\"tbl_vjoin_end.png\" alt=\".\" style=\"background-color: inherit\" class=\"hierarchy\"/><img src=\"icon_element.gif\" alt=\".\" style=\"background-color: white; background-color: inherit\" title=\"Element\" class=\"hierarchy\"/> <a href=\"StructureDefinition-miramedix-demo-bundle-org-definitions.html#Bundle.entry\" title=\"Бандл должен содержать один или более ресурс (организация и/или подразделение).  \nОбязательные: организация.  \nОпциональные: организация и/или подразделение.\">entry</a><a name=\"Bundle.entry\"> </a></td><td style=\"vertical-align: top; text-align : left; background-color: white; border: 0px #F0F0F0 solid; padding:0px 4px 0px 4px\" class=\"hierarchy\"><span style=\"padding-left: 3px; padding-right: 3px; color: white; background-color: red\" title=\"This element must be supported\">S</span></td><td style=\"vertical-align: top; text-align : left; background-color: white; border: 0px #F0F0F0 solid; padding:0px 4px 0px 4px\" class=\"hierarchy\">1..<span style=\"opacity: 0.5\">*</span></td><td style=\"vertical-align: top; text-align : left; background-color: white; border: 0px #F0F0F0 solid; padding:0px 4px 0px 4px\" class=\"hierarchy\"><a style=\"opacity: 0.5\" href=\"http://hl7.org/fhir/R4/datatypes.html#BackboneElement\">BackboneElement</a></td><td style=\"vertical-align: top; text-align : left; background-color: white; border: 0px #F0F0F0 solid; padding:0px 4px 0px 4px\" class=\"hierarchy\">Бандл должен содержать один или более ресурс (организация и/или подразделение)</td></tr>\r\n<tr style=\"border: 0px #F0F0F0 solid; padding:0px; vertical-align: top; background-color: #F7F7F7\"><td style=\"vertical-align: top; text-align : left; background-color: #F7F7F7; border: 0px #F0F0F0 solid; padding:0px 4px 0px 4px; white-space: nowrap; background-image: url(tbl_bck010.png)\" class=\"hierarchy\"><img src=\"tbl_spacer.png\" alt=\".\" style=\"background-color: inherit\" class=\"hierarchy\"/><img src=\"tbl_blank.png\" alt=\".\" style=\"background-color: inherit\" class=\"hierarchy\"/><img src=\"tbl_vjoin.png\" alt=\".\" style=\"background-color: inherit\" class=\"hierarchy\"/><img src=\"icon_element.gif\" alt=\".\" style=\"background-color: #F7F7F7; background-color: inherit\" title=\"Element\" class=\"hierarchy\"/> <a href=\"StructureDefinition-miramedix-demo-bundle-org-definitions.html#Bundle.entry.fullUrl\" title=\"Глобально уникальный идентификатор записи в бандле.  \nКаждой записи в бандле должен быть присвоен guid.\">fullUrl</a><a name=\"Bundle.entry.fullUrl\"> </a></td><td style=\"vertical-align: top; text-align : left; background-color: #F7F7F7; border: 0px #F0F0F0 solid; padding:0px 4px 0px 4px\" class=\"hierarchy\"><span style=\"padding-left: 3px; padding-right: 3px; color: white; background-color: red\" title=\"This element must be supported\">S</span></td><td style=\"vertical-align: top; text-align : left; background-color: #F7F7F7; border: 0px #F0F0F0 solid; padding:0px 4px 0px 4px\" class=\"hierarchy\">1..<span style=\"opacity: 0.5\">1</span></td><td style=\"vertical-align: top; text-align : left; background-color: #F7F7F7; border: 0px #F0F0F0 solid; padding:0px 4px 0px 4px\" class=\"hierarchy\"><a style=\"opacity: 0.5\" href=\"http://hl7.org/fhir/R4/datatypes.html#uri\">uri</a></td><td style=\"vertical-align: top; text-align : left; background-color: #F7F7F7; border: 0px #F0F0F0 solid; padding:0px 4px 0px 4px\" class=\"hierarchy\">глобально уникальный идентификатор записи в бандле (guid)</td></tr>\r\n<tr style=\"border: 0px #F0F0F0 solid; padding:0px; vertical-align: top; background-color: white\"><td style=\"vertical-align: top; text-align : left; background-color: white; border: 0px #F0F0F0 solid; padding:0px 4px 0px 4px; white-space: nowrap; background-image: url(tbl_bck000.png)\" class=\"hierarchy\"><img src=\"tbl_spacer.png\" alt=\".\" style=\"background-color: inherit\" class=\"hierarchy\"/><img src=\"tbl_blank.png\" alt=\".\" style=\"background-color: inherit\" class=\"hierarchy\"/><img src=\"tbl_vjoin_end.png\" alt=\".\" style=\"background-color: inherit\" class=\"hierarchy\"/><img src=\"icon_resource.png\" alt=\".\" style=\"background-color: white; background-color: inherit\" title=\"Resource\" class=\"hierarchy\"/> <a href=\"StructureDefinition-miramedix-demo-bundle-org-definitions.html#Bundle.entry.resource\">resource</a><a name=\"Bundle.entry.resource\"> </a></td><td style=\"vertical-align: top; text-align : left; background-color: white; border: 0px #F0F0F0 solid; padding:0px 4px 0px 4px\" class=\"hierarchy\"><span style=\"padding-left: 3px; padding-right: 3px; color: white; background-color: red\" title=\"This element must be supported\">S</span></td><td style=\"vertical-align: top; text-align : left; background-color: white; border: 0px #F0F0F0 solid; padding:0px 4px 0px 4px\" class=\"hierarchy\">1..<span style=\"opacity: 0.5\">1</span></td><td style=\"vertical-align: top; text-align : left; background-color: white; border: 0px #F0F0F0 solid; padding:0px 4px 0px 4px\" class=\"hierarchy\"><a href=\"StructureDefinition-miramedix-demo-organization-division.html\" title=\"Organization\">Miramedix_demo_organization_division</a>, <a href=\"StructureDefinition-miramedix-demo-organization.html\" title=\"Organization\">Miramedix_demo_organization</a></td><td style=\"vertical-align: top; text-align : left; background-color: white; border: 0px #F0F0F0 solid; padding:0px 4px 0px 4px\" class=\"hierarchy\"><span style=\"opacity: 0.5\">A grouping of people or organizations with a common purpose</span></td></tr>\r\n<tr><td colspan=\"5\" class=\"hierarchy\"><br/><a href=\"http://hl7.org/fhir/R4/formats.html#table\" title=\"Legend for this format\"><img src=\"http://hl7.org/fhir/R4/help16.png\" alt=\"doco\" style=\"background-color: inherit\"/> Documentation for this format</a></td></tr></table></div>"},"extension":[{"url":"http://hl7.org/fhir/StructureDefinition/structuredefinition-category","valueString":"Foundation.Other"},{"url":"http://hl7.org/fhir/StructureDefinition/structuredefinition-security-category","valueCode":"not-classified"}],"url":"http://miramedix.ru/fhir/StructureDefinition/miramedix-demo-bundle-org","version":"0.1.0","name":"Miramedix_demo_bundle_org","title":"Бандл для передачи данных об организации","status":"active","date":"2021-09-29","contact":[{"name":"Vitaly Rodionov","telecom":[{"system":"email","value":"vrodionov@miramedix.ru"}]}],"description":"Бандл для передачи данных об организации.","fhirVersion":"4.0.1","mapping":[{"identity":"v2","uri":"http://hl7.org/v2","name":"HL7 v2 Mapping"},{"identity":"rim","uri":"http://hl7.org/v3","name":"RIM Mapping"},{"identity":"cda","uri":"http://hl7.org/v3/cda","name":"CDA (R2)"},{"identity":"w5","uri":"http://hl7.org/fhir/fivews","name":"FiveWs Pattern Mapping"}],"kind":"resource","abstract":false,"type":"Bundle","baseDefinition":"http://hl7.org/fhir/StructureDefinition/Bundle","derivation":"constraint","snapshot":{"element":[{"id":"Bundle","path":"Bundle","short":"Contains a collection of resources","definition":"A container for a collection of resources.","min":1,"max":"1","base":{"path":"Bundle","min":0,"max":"*"},"constraint":[{"key":"bdl-1","severity":"error","human":"total only when a search or history","expression":"total.empty() or (type = 'searchset') or (type = 'history')","xpath":"not(f:total) or (f:type/@value = 'searchset') or (f:type/@value = 'history')","source":"http://hl7.org/fhir/StructureDefinition/Bundle"},{"key":"bdl-2","severity":"error","human":"entry.search only when a search","expression":"entry.search.empty() or (type = 'searchset')","xpath":"not(f:entry/f:search) or (f:type/@value = 'searchset')","source":"http://hl7.org/fhir/StructureDefinition/Bundle"},{"key":"bdl-3","severity":"error","human":"entry.request mandatory for batch/transaction/history, otherwise prohibited","expression":"entry.all(request.exists() = (%resource.type = 'batch' or %resource.type = 'transaction' or %resource.type = 'history'))","xpath":"not(f:entry/f:request) or (f:type/@value = 'batch') or (f:type/@value = 'transaction') or (f:type/@value = 'history')","source":"http://hl7.org/fhir/StructureDefinition/Bundle"},{"key":"bdl-4","severity":"error","human":"entry.response mandatory for batch-response/transaction-response/history, otherwise prohibited","expression":"entry.all(response.exists() = (%resource.type = 'batch-response' or %resource.type = 'transaction-response' or %resource.type = 'history'))","xpath":"not(f:entry/f:response) or (f:type/@value = 'batch-response') or (f:type/@value = 'transaction-response') or (f:type/@value = 'history')","source":"http://hl7.org/fhir/StructureDefinition/Bundle"},{"key":"bdl-7","severity":"error","human":"FullUrl must be unique in a bundle, or else entries with the same fullUrl must have different meta.versionId (except in history bundles)","expression":"(type = 'history') or entry.where(fullUrl.exists()).select(fullUrl&resource.meta.versionId).isDistinct()","xpath":"(f:type/@value = 'history') or (count(for $entry in f:entry[f:resource] return $entry[count(parent::f:Bundle/f:entry[f:fullUrl/@value=$entry/f:fullUrl/@value and ((not(f:resource/*/f:meta/f:versionId/@value) and not($entry/f:resource/*/f:meta/f:versionId/@value)) or f:resource/*/f:meta/f:versionId/@value=$entry/f:resource/*/f:meta/f:versionId/@value)])!=1])=0)","source":"http://hl7.org/fhir/StructureDefinition/Bundle"},{"key":"bdl-9","severity":"error","human":"A document must have an identifier with a system and a value","expression":"type = 'document' implies (identifier.system.exists() and identifier.value.exists())","xpath":"not(f:type/@value = 'document') or exists(f:identifier/f:system) or exists(f:identifier/f:value)","source":"http://hl7.org/fhir/StructureDefinition/Bundle"},{"key":"bdl-10","severity":"error","human":"A document must have a date","expression":"type = 'document' implies (timestamp.hasValue())","xpath":"not(f:type/@value = 'document') or exists(f:timestamp/@value)","source":"http://hl7.org/fhir/StructureDefinition/Bundle"},{"key":"bdl-11","severity":"error","human":"A document must have a Composition as the first resource","expression":"type = 'document' implies entry.first().resource.is(Composition)","xpath":"not(f:type/@value='document') or f:entry[1]/f:resource/f:Composition","source":"http://hl7.org/fhir/StructureDefinition/Bundle"},{"key":"bdl-12","severity":"error","human":"A message must have a MessageHeader as the first resource","expression":"type = 'message' implies entry.first().resource.is(MessageHeader)","xpath":"not(f:type/@value='message') or f:entry[1]/f:resource/f:MessageHeader","source":"http://hl7.org/fhir/StructureDefinition/Bundle"}],"mustSupport":true,"isModifier":false,"isSummary":false,"mapping":[{"identity":"rim","map":"Entity. Role, or Act"},{"identity":"v2","map":"N/A"},{"identity":"rim","map":"N/A"},{"identity":"cda","map":"ClinicalDocument, if bundle.type = document"}]},{"id":"Bundle.id","path":"Bundle.id","short":"Logical id of this artifact","definition":"The logical id of the resource, as used in the URL for the resource. Once assigned, this value never changes.","comment":"The only time that a resource does not have an id is when it is being submitted to the server using a create operation.","min":0,"max":"1","base":{"path":"Resource.id","min":0,"max":"1"},"type":[{"extension":[{"url":"http://hl7.org/fhir/StructureDefinition/structuredefinition-fhir-type","valueUrl":"string"}],"code":"http://hl7.org/fhirpath/System.String"}],"isModifier":false,"isSummary":true},{"id":"Bundle.meta","path":"Bundle.meta","short":"Metadata about the resource","definition":"The metadata about the resource. This is content that is maintained by the infrastructure. Changes to the content might not always be associated with version changes to the resource.","min":0,"max":"1","base":{"path":"Resource.meta","min":0,"max":"1"},"type":[{"code":"Meta"}],"constraint":[{"key":"ele-1","severity":"error","human":"All FHIR elements must have a @value or children","expression":"hasValue() or (children().count() > id.count())","xpath":"@value|f:*|h:div","source":"http://hl7.org/fhir/StructureDefinition/Element"}],"isModifier":false,"isSummary":true},{"id":"Bundle.implicitRules","path":"Bundle.implicitRules","short":"A set of rules under which this content was created","definition":"A reference to a set of rules that were followed when the resource was constructed, and which must be understood when processing the content. Often, this is a reference to an implementation guide that defines the special rules along with other profiles etc.","comment":"Asserting this rule set restricts the content to be only understood by a limited set of trading partners. This inherently limits the usefulness of the data in the long term. However, the existing health eco-system is highly fractured, and not yet ready to define, collect, and exchange data in a generally computable sense. Wherever possible, implementers and/or specification writers should avoid using this element. Often, when used, the URL is a reference to an implementation guide that defines these special rules as part of it's narrative along with other profiles, value sets, etc.","min":0,"max":"1","base":{"path":"Resource.implicitRules","min":0,"max":"1"},"type":[{"code":"uri"}],"constraint":[{"key":"ele-1","severity":"error","human":"All FHIR elements must have a @value or children","expression":"hasValue() or (children().count() > id.count())","xpath":"@value|f:*|h:div","source":"http://hl7.org/fhir/StructureDefinition/Element"}],"isModifier":true,"isModifierReason":"This element is labeled as a modifier because the implicit rules may provide additional knowledge about the resource that modifies it's meaning or interpretation","isSummary":true},{"id":"Bundle.language","path":"Bundle.language","short":"Language of the resource content","definition":"The base language in which the resource is written.","comment":"Language is provided to support indexing and accessibility (typically, services such as text to speech use the language tag). The html language tag in the narrative applies  to the narrative. The language tag on the resource may be used to specify the language of other presentations generated from the data in the resource. Not all the content has to be in the base language. The Resource.language should not be assumed to apply to the narrative automatically. If a language is specified, it should it also be specified on the div element in the html (see rules in HTML5 for information about the relationship between xml:lang and the html lang attribute).","min":0,"max":"1","base":{"path":"Resource.language","min":0,"max":"1"},"type":[{"code":"code"}],"constraint":[{"key":"ele-1","severity":"error","human":"All FHIR elements must have a @value or children","expression":"hasValue() or (children().count() > id.count())","xpath":"@value|f:*|h:div","source":"http://hl7.org/fhir/StructureDefinition/Element"}],"isModifier":false,"isSummary":false,"binding":{"extension":[{"url":"http://hl7.org/fhir/StructureDefinition/elementdefinition-maxValueSet","valueCanonical":"http://hl7.org/fhir/ValueSet/all-languages"},{"url":"http://hl7.org/fhir/StructureDefinition/elementdefinition-bindingName","valueString":"Language"},{"url":"http://hl7.org/fhir/StructureDefinition/elementdefinition-isCommonBinding","valueBoolean":true}],"strength":"preferred","description":"A human language.","valueSet":"http://hl7.org/fhir/ValueSet/languages"}},{"id":"Bundle.identifier","path":"Bundle.identifier","short":"Persistent identifier for the bundle","definition":"A persistent identifier for the bundle that won't change as a bundle is copied from server to server.","comment":"Persistent identity generally only matters for batches of type Document, Message, and Collection. It would not normally be populated for search and history results and servers ignore Bundle.identifier when processing batches and transactions. For Documents  the .identifier SHALL be populated such that the .identifier is globally unique.","min":0,"max":"1","base":{"path":"Bundle.identifier","min":0,"max":"1"},"type":[{"code":"Identifier"}],"constraint":[{"key":"ele-1","severity":"error","human":"All FHIR elements must have a @value or children","expression":"hasValue() or (children().count() > id.count())","xpath":"@value|f:*|h:div","source":"http://hl7.org/fhir/StructureDefinition/Element"}],"isModifier":false,"isSummary":true,"mapping":[{"identity":"w5","map":"FiveWs.identifier"},{"identity":"cda","map":"ClinicalDocument.id"}]},{"id":"Bundle.type","path":"Bundle.type","short":"Тип бандла - коллекция ресурсов","definition":"Тип бандла.\nВ данном случае бандл - коллекция взаимосвязанных ресурсов.","comment":"It's possible to use a bundle for other purposes (e.g. a document can be accepted as a transaction). This is primarily defined so that there can be specific rules for some of the bundle types.","min":1,"max":"1","base":{"path":"Bundle.type","min":1,"max":"1"},"type":[{"code":"code"}],"patternCode":"collection","constraint":[{"key":"ele-1","severity":"error","human":"All FHIR elements must have a @value or children","expression":"hasValue() or (children().count() > id.count())","xpath":"@value|f:*|h:div","source":"http://hl7.org/fhir/StructureDefinition/Element"}],"mustSupport":true,"isModifier":false,"isSummary":true,"binding":{"extension":[{"url":"http://hl7.org/fhir/StructureDefinition/elementdefinition-bindingName","valueString":"BundleType"}],"strength":"required","description":"Indicates the purpose of a bundle - how it is intended to be used.","valueSet":"http://hl7.org/fhir/ValueSet/bundle-type|4.0.1"},"mapping":[{"identity":"w5","map":"FiveWs.class"}]},{"id":"Bundle.timestamp","path":"Bundle.timestamp","short":"When the bundle was assembled","definition":"The date/time that the bundle was assembled - i.e. when the resources were placed in the bundle.","comment":"For many bundles, the timestamp is equal to .meta.lastUpdated, because they are not stored (e.g. search results). When a bundle is placed in a persistent store, .meta.lastUpdated will be usually be changed by the server. When the bundle is a message, a middleware agent altering the message (even if not stored) SHOULD update .meta.lastUpdated. .timestamp is used to track the original time of the Bundle, and SHOULD be populated.  \n\nUsage:\n\n* document : the date the document was created. Note: the composition may predate the document, or be associated with multiple documents. The date of the composition - the authoring time - may be earlier than the document assembly time\n* message : the date that the content of the message was assembled. This date is not changed by middleware engines unless they add additional data that changes the meaning of the time of the message\n* history : the date that the history was assembled. This time would be used as the _since time to ask for subsequent updates\n* searchset : the time that the search set was assembled. Note that different pages MAY have different timestamps but need not. Having different timestamps does not imply that subsequent pages will represent or include changes made since the initial query\n* transaction | transaction-response | batch | batch-response | collection : no particular assigned meaning\n\nThe timestamp value should be greater than the lastUpdated and other timestamps in the resources in the bundle, and it should be equal or earlier than the .meta.lastUpdated on the Bundle itself.","min":0,"max":"1","base":{"path":"Bundle.timestamp","min":0,"max":"1"},"type":[{"code":"instant"}],"constraint":[{"key":"ele-1","severity":"error","human":"All FHIR elements must have a @value or children","expression":"hasValue() or (children().count() > id.count())","xpath":"@value|f:*|h:div","source":"http://hl7.org/fhir/StructureDefinition/Element"}],"isModifier":false,"isSummary":true,"mapping":[{"identity":"w5","map":"FiveWs.init"},{"identity":"cda","map":"ClinicalDocument.effectiveTime"}]},{"id":"Bundle.total","path":"Bundle.total","short":"If search, the total number of matches","definition":"If a set of search matches, this is the total number of entries of type 'match' across all pages in the search.  It does not include search.mode = 'include' or 'outcome' entries and it does not provide a count of the number of entries in the Bundle.","comment":"Only used if the bundle is a search result set. The total does not include resources such as OperationOutcome and included resources, only the total number of matching resources.","min":0,"max":"1","base":{"path":"Bundle.total","min":0,"max":"1"},"type":[{"code":"unsignedInt"}],"condition":["bdl-1"],"constraint":[{"key":"ele-1","severity":"error","human":"All FHIR elements must have a @value or children","expression":"hasValue() or (children().count() > id.count())","xpath":"@value|f:*|h:div","source":"http://hl7.org/fhir/StructureDefinition/Element"}],"isModifier":false,"isSummary":true},{"id":"Bundle.link","path":"Bundle.link","short":"Links related to this Bundle","definition":"A series of links that provide context to this bundle.","comment":"Both Bundle.link and Bundle.entry.link are defined to support providing additional context when Bundles are used (e.g. [HATEOAS](http://en.wikipedia.org/wiki/HATEOAS)). \n\nBundle.entry.link corresponds to links found in the HTTP header if the resource in the entry was [read](http://hl7.org/fhir/R4/http.html#read) directly.\n\nThis specification defines some specific uses of Bundle.link for [searching](http://hl7.org/fhir/R4/search.html#conformance) and [paging](http://hl7.org/fhir/R4/http.html#paging), but no specific uses for Bundle.entry.link, and no defined function in a transaction - the meaning is implementation specific.","min":0,"max":"*","base":{"path":"Bundle.link","min":0,"max":"*"},"type":[{"code":"BackboneElement"}],"constraint":[{"key":"ele-1","severity":"error","human":"All FHIR elements must have a @value or children","expression":"hasValue() or (children().count() > id.count())","xpath":"@value|f:*|h:div","source":"http://hl7.org/fhir/StructureDefinition/Element"}],"isModifier":false,"isSummary":true},{"id":"Bundle.link.id","path":"Bundle.link.id","representation":["xmlAttr"],"short":"Unique id for inter-element referencing","definition":"Unique id for the element within a resource (for internal references). This may be any string value that does not contain spaces.","min":0,"max":"1","base":{"path":"Element.id","min":0,"max":"1"},"type":[{"extension":[{"url":"http://hl7.org/fhir/StructureDefinition/structuredefinition-fhir-type","valueUrl":"string"}],"code":"http://hl7.org/fhirpath/System.String"}],"isModifier":false,"isSummary":false,"mapping":[{"identity":"rim","map":"n/a"}]},{"id":"Bundle.link.extension","path":"Bundle.link.extension","short":"Additional content defined by implementations","definition":"May be used to represent additional information that is not part of the basic definition of the element. To make the use of extensions safe and manageable, there is a strict set of governance  applied to the definition and use of extensions. Though any implementer can define an extension, there is a set of requirements that SHALL be met as part of the definition of the extension.","comment":"There can be no stigma associated with the use of extensions by any application, project, or standard - regardless of the institution or jurisdiction that uses or defines the extensions.  The use of extensions is what allows the FHIR specification to retain a core level of simplicity for everyone.","alias":["extensions","user content"],"min":0,"max":"*","base":{"path":"Element.extension","min":0,"max":"*"},"type":[{"code":"Extension"}],"constraint":[{"key":"ele-1","severity":"error","human":"All FHIR elements must have a @value or children","expression":"hasValue() or (children().count() > id.count())","xpath":"@value|f:*|h:div","source":"http://hl7.org/fhir/StructureDefinition/Element"},{"key":"ext-1","severity":"error","human":"Must have either extensions or value[x], not both","expression":"extension.exists() != value.exists()","xpath":"exists(f:extension)!=exists(f:*[starts-with(local-name(.), \"value\")])","source":"http://hl7.org/fhir/StructureDefinition/Extension"}],"isModifier":false,"isSummary":false,"mapping":[{"identity":"rim","map":"n/a"}]},{"id":"Bundle.link.modifierExtension","path":"Bundle.link.modifierExtension","short":"Extensions that cannot be ignored even if unrecognized","definition":"May be used to represent additional information that is not part of the basic definition of the element and that modifies the understanding of the element in which it is contained and/or the understanding of the containing element's descendants. Usually modifier elements provide negation or qualification. To make the use of extensions safe and manageable, there is a strict set of governance applied to the definition and use of extensions. Though any implementer can define an extension, there is a set of requirements that SHALL be met as part of the definition of the extension. Applications processing a resource are required to check for modifier extensions.\n\nModifier extensions SHALL NOT change the meaning of any elements on Resource or DomainResource (including cannot change the meaning of modifierExtension itself).","comment":"There can be no stigma associated with the use of extensions by any application, project, or standard - regardless of the institution or jurisdiction that uses or defines the extensions.  The use of extensions is what allows the FHIR specification to retain a core level of simplicity for everyone.","requirements":"Modifier extensions allow for extensions that *cannot* be safely ignored to be clearly distinguished from the vast majority of extensions which can be safely ignored.  This promotes interoperability by eliminating the need for implementers to prohibit the presence of extensions. For further information, see the [definition of modifier extensions](http://hl7.org/fhir/R4/extensibility.html#modifierExtension).","alias":["extensions","user content","modifiers"],"min":0,"max":"*","base":{"path":"BackboneElement.modifierExtension","min":0,"max":"*"},"type":[{"code":"Extension"}],"constraint":[{"key":"ele-1","severity":"error","human":"All FHIR elements must have a @value or children","expression":"hasValue() or (children().count() > id.count())","xpath":"@value|f:*|h:div","source":"http://hl7.org/fhir/StructureDefinition/Element"},{"key":"ext-1","severity":"error","human":"Must have either extensions or value[x], not both","expression":"extension.exists() != value.exists()","xpath":"exists(f:extension)!=exists(f:*[starts-with(local-name(.), \"value\")])","source":"http://hl7.org/fhir/StructureDefinition/Extension"}],"isModifier":true,"isModifierReason":"Modifier extensions are expected to modify the meaning or interpretation of the element that contains them","isSummary":true,"mapping":[{"identity":"rim","map":"N/A"}]},{"id":"Bundle.link.relation","path":"Bundle.link.relation","short":"See http://www.iana.org/assignments/link-relations/link-relations.xhtml#link-relations-1","definition":"A name which details the functional use for this link - see [http://www.iana.org/assignments/link-relations/link-relations.xhtml#link-relations-1](http://www.iana.org/assignments/link-relations/link-relations.xhtml#link-relations-1).","min":1,"max":"1","base":{"path":"Bundle.link.relation","min":1,"max":"1"},"type":[{"code":"string"}],"constraint":[{"key":"ele-1","severity":"error","human":"All FHIR elements must have a @value or children","expression":"hasValue() or (children().count() > id.count())","xpath":"@value|f:*|h:div","source":"http://hl7.org/fhir/StructureDefinition/Element"}],"isModifier":false,"isSummary":true},{"id":"Bundle.link.url","path":"Bundle.link.url","short":"Reference details for the link","definition":"The reference details for the link.","min":1,"max":"1","base":{"path":"Bundle.link.url","min":1,"max":"1"},"type":[{"code":"uri"}],"constraint":[{"key":"ele-1","severity":"error","human":"All FHIR elements must have a @value or children","expression":"hasValue() or (children().count() > id.count())","xpath":"@value|f:*|h:div","source":"http://hl7.org/fhir/StructureDefinition/Element"}],"isModifier":false,"isSummary":true},{"id":"Bundle.entry","path":"Bundle.entry","short":"Бандл должен содержать один или более ресурс (организация и/или подразделение)","definition":"Бандл должен содержать один или более ресурс (организация и/или подразделение).  \nОбязательные: организация.  \nОпциональные: организация и/или подразделение.","min":1,"max":"*","base":{"path":"Bundle.entry","min":0,"max":"*"},"type":[{"code":"BackboneElement"}],"orderMeaning":"For bundles of type 'document' and 'message', the first resource is special (must be Composition or MessageHeader respectively). For all bundles, the meaning of the order of entries depends on the bundle type","constraint":[{"key":"bdl-5","severity":"error","human":"must be a resource unless there's a request or response","expression":"resource.exists() or request.exists() or response.exists()","xpath":"exists(f:resource) or exists(f:request) or exists(f:response)","source":"http://hl7.org/fhir/StructureDefinition/Bundle"},{"key":"bdl-8","severity":"error","human":"fullUrl cannot be a version specific reference","expression":"fullUrl.contains('/_history/').not()","xpath":"not(exists(f:fullUrl[contains(string(@value), '/_history/')]))","source":"http://hl7.org/fhir/StructureDefinition/Bundle"},{"key":"ele-1","severity":"error","human":"All FHIR elements must have a @value or children","expression":"hasValue() or (children().count() > id.count())","xpath":"@value|f:*|h:div","source":"http://hl7.org/fhir/StructureDefinition/Element"}],"mustSupport":true,"isModifier":false,"isSummary":true},{"id":"Bundle.entry.id","path":"Bundle.entry.id","representation":["xmlAttr"],"short":"Unique id for inter-element referencing","definition":"Unique id for the element within a resource (for internal references). This may be any string value that does not contain spaces.","min":0,"max":"1","base":{"path":"Element.id","min":0,"max":"1"},"type":[{"extension":[{"url":"http://hl7.org/fhir/StructureDefinition/structuredefinition-fhir-type","valueUrl":"string"}],"code":"http://hl7.org/fhirpath/System.String"}],"isModifier":false,"isSummary":false,"mapping":[{"identity":"rim","map":"n/a"}]},{"id":"Bundle.entry.extension","path":"Bundle.entry.extension","short":"Additional content defined by implementations","definition":"May be used to represent additional information that is not part of the basic definition of the element. To make the use of extensions safe and manageable, there is a strict set of governance  applied to the definition and use of extensions. Though any implementer can define an extension, there is a set of requirements that SHALL be met as part of the definition of the extension.","comment":"There can be no stigma associated with the use of extensions by any application, project, or standard - regardless of the institution or jurisdiction that uses or defines the extensions.  The use of extensions is what allows the FHIR specification to retain a core level of simplicity for everyone.","alias":["extensions","user content"],"min":0,"max":"*","base":{"path":"Element.extension","min":0,"max":"*"},"type":[{"code":"Extension"}],"constraint":[{"key":"ele-1","severity":"error","human":"All FHIR elements must have a @value or children","expression":"hasValue() or (children().count() > id.count())","xpath":"@value|f:*|h:div","source":"http://hl7.org/fhir/StructureDefinition/Element"},{"key":"ext-1","severity":"error","human":"Must have either extensions or value[x], not both","expression":"extension.exists() != value.exists()","xpath":"exists(f:extension)!=exists(f:*[starts-with(local-name(.), \"value\")])","source":"http://hl7.org/fhir/StructureDefinition/Extension"}],"isModifier":false,"isSummary":false,"mapping":[{"identity":"rim","map":"n/a"}]},{"id":"Bundle.entry.modifierExtension","path":"Bundle.entry.modifierExtension","short":"Extensions that cannot be ignored even if unrecognized","definition":"May be used to represent additional information that is not part of the basic definition of the element and that modifies the understanding of the element in which it is contained and/or the understanding of the containing element's descendants. Usually modifier elements provide negation or qualification. To make the use of extensions safe and manageable, there is a strict set of governance applied to the definition and use of extensions. Though any implementer can define an extension, there is a set of requirements that SHALL be met as part of the definition of the extension. Applications processing a resource are required to check for modifier extensions.\n\nModifier extensions SHALL NOT change the meaning of any elements on Resource or DomainResource (including cannot change the meaning of modifierExtension itself).","comment":"There can be no stigma associated with the use of extensions by any application, project, or standard - regardless of the institution or jurisdiction that uses or defines the extensions.  The use of extensions is what allows the FHIR specification to retain a core level of simplicity for everyone.","requirements":"Modifier extensions allow for extensions that *cannot* be safely ignored to be clearly distinguished from the vast majority of extensions which can be safely ignored.  This promotes interoperability by eliminating the need for implementers to prohibit the presence of extensions. For further information, see the [definition of modifier extensions](http://hl7.org/fhir/R4/extensibility.html#modifierExtension).","alias":["extensions","user content","modifiers"],"min":0,"max":"*","base":{"path":"BackboneElement.modifierExtension","min":0,"max":"*"},"type":[{"code":"Extension"}],"constraint":[{"key":"ele-1","severity":"error","human":"All FHIR elements must have a @value or children","expression":"hasValue() or (children().count() > id.count())","xpath":"@value|f:*|h:div","source":"http://hl7.org/fhir/StructureDefinition/Element"},{"key":"ext-1","severity":"error","human":"Must have either extensions or value[x], not both","expression":"extension.exists() != value.exists()","xpath":"exists(f:extension)!=exists(f:*[starts-with(local-name(.), \"value\")])","source":"http://hl7.org/fhir/StructureDefinition/Extension"}],"isModifier":true,"isModifierReason":"Modifier extensions are expected to modify the meaning or interpretation of the element that contains them","isSummary":true,"mapping":[{"identity":"rim","map":"N/A"}]},{"id":"Bundle.entry.link","path":"Bundle.entry.link","short":"Links related to this entry","definition":"A series of links that provide context to this entry.","min":0,"max":"*","base":{"path":"Bundle.entry.link","min":0,"max":"*"},"contentReference":"http://hl7.org/fhir/StructureDefinition/Bundle#Bundle.link","constraint":[{"key":"ele-1","severity":"error","human":"All FHIR elements must have a @value or children","expression":"hasValue() or (children().count() > id.count())","xpath":"@value|f:*|h:div","source":"http://hl7.org/fhir/StructureDefinition/Element"}],"isModifier":false,"isSummary":true},{"id":"Bundle.entry.fullUrl","path":"Bundle.entry.fullUrl","short":"глобально уникальный идентификатор записи в бандле (guid)","definition":"Глобально уникальный идентификатор записи в бандле.  \nКаждой записи в бандле должен быть присвоен guid.","comment":"fullUrl might not be [unique in the context of a resource](http://hl7.org/fhir/R4/bundle.html#bundle-unique). Note that since [FHIR resources do not need to be served through the FHIR API](http://hl7.org/fhir/R4/references.html), the fullURL might be a URN or an absolute URL that does not end with the logical id of the resource (Resource.id). However, but if the fullUrl does look like a RESTful server URL (e.g. meets the [regex](http://hl7.org/fhir/R4/references.html#regex), then the 'id' portion of the fullUrl SHALL end with the Resource.id.\n\nNote that the fullUrl is not the same as the canonical URL - it's an absolute url for an endpoint serving the resource (these will happen to have the same value on the canonical server for the resource with the canonical URL).","min":1,"max":"1","base":{"path":"Bundle.entry.fullUrl","min":0,"max":"1"},"type":[{"code":"uri"}],"constraint":[{"key":"ele-1","severity":"error","human":"All FHIR elements must have a @value or children","expression":"hasValue() or (children().count() > id.count())","xpath":"@value|f:*|h:div","source":"http://hl7.org/fhir/StructureDefinition/Element"}],"mustSupport":true,"isModifier":false,"isSummary":true},{"id":"Bundle.entry.resource","path":"Bundle.entry.resource","short":"A grouping of people or organizations with a common purpose","definition":"A formally or informally recognized grouping of people or organizations formed for the purpose of achieving some form of collective action.  Includes companies, institutions, corporations, departments, community groups, healthcare practice groups, payer/insurer, etc.","min":1,"max":"1","base":{"path":"Bundle.entry.resource","min":0,"max":"1"},"type":[{"code":"Organization","profile":["http://miramedix.ru/fhir/StructureDefinition/miramedix-demo-organization-division","http://miramedix.ru/fhir/StructureDefinition/miramedix-demo-organization"]}],"constraint":[{"key":"dom-2","severity":"error","human":"If the resource is contained in another resource, it SHALL NOT contain nested Resources","expression":"contained.contained.empty()","xpath":"not(parent::f:contained and f:contained)","source":"http://hl7.org/fhir/StructureDefinition/DomainResource"},{"key":"dom-3","severity":"error","human":"If the resource is contained in another resource, it SHALL be referred to from elsewhere in the resource or SHALL refer to the containing resource","expression":"contained.where((('#'+id in (%resource.descendants().reference | %resource.descendants().as(canonical) | %resource.descendants().as(uri) | %resource.descendants().as(url))) or descendants().where(reference = '#').exists() or descendants().where(as(canonical) = '#').exists() or descendants().where(as(canonical) = '#').exists()).not()).trace('unmatched', id).empty()","xpath":"not(exists(for $id in f:contained/*/f:id/@value return $contained[not(parent::*/descendant::f:reference/@value=concat('#', $contained/*/id/@value) or descendant::f:reference[@value='#'])]))","source":"http://hl7.org/fhir/StructureDefinition/DomainResource"},{"key":"dom-4","severity":"error","human":"If a resource is contained in another resource, it SHALL NOT have a meta.versionId or a meta.lastUpdated","expression":"contained.meta.versionId.empty() and contained.meta.lastUpdated.empty()","xpath":"not(exists(f:contained/*/f:meta/f:versionId)) and not(exists(f:contained/*/f:meta/f:lastUpdated))","source":"http://hl7.org/fhir/StructureDefinition/DomainResource"},{"key":"dom-5","severity":"error","human":"If a resource is contained in another resource, it SHALL NOT have a security label","expression":"contained.meta.security.empty()","xpath":"not(exists(f:contained/*/f:meta/f:security))","source":"http://hl7.org/fhir/StructureDefinition/DomainResource"},{"extension":[{"url":"http://hl7.org/fhir/StructureDefinition/elementdefinition-bestpractice","valueBoolean":true},{"url":"http://hl7.org/fhir/StructureDefinition/elementdefinition-bestpractice-explanation","valueMarkdown":"When a resource has no narrative, only systems that fully understand the data can display the resource to a human safely. Including a human readable representation in the resource makes for a much more robust eco-system and cheaper handling of resources by intermediary systems. Some ecosystems restrict distribution of resources to only those systems that do fully understand the resources, and as a consequence implementers may believe that the narrative is superfluous. However experience shows that such eco-systems often open up to new participants over time."}],"key":"dom-6","severity":"warning","human":"A resource should have narrative for robust management","expression":"text.`div`.exists()","xpath":"exists(f:text/h:div)","source":"http://hl7.org/fhir/StructureDefinition/DomainResource"},{"key":"org-1","severity":"error","human":"The organization SHALL at least have a name or an identifier, and possibly more than one","expression":"(identifier.count() + name.count()) > 0","xpath":"count(f:identifier | f:name) > 0","source":"http://hl7.org/fhir/StructureDefinition/Organization"}],"mustSupport":true,"isModifier":false,"isSummary":false,"mapping":[{"identity":"rim","map":"Entity. Role, or Act"},{"identity":"v2","map":"(also see master files messages)"},{"identity":"rim","map":"Organization(classCode=ORG, determinerCode=INST)"},{"identity":"servd","map":"Organization"}]},{"id":"Bundle.entry.search","path":"Bundle.entry.search","short":"Search related information","definition":"Information about the search process that lead to the creation of this entry.","min":0,"max":"1","base":{"path":"Bundle.entry.search","min":0,"max":"1"},"type":[{"code":"BackboneElement"}],"condition":["bdl-2"],"constraint":[{"key":"ele-1","severity":"error","human":"All FHIR elements must have a @value or children","expression":"hasValue() or (children().count() > id.count())","xpath":"@value|f:*|h:div","source":"http://hl7.org/fhir/StructureDefinition/Element"}],"isModifier":false,"isSummary":true},{"id":"Bundle.entry.search.id","path":"Bundle.entry.search.id","representation":["xmlAttr"],"short":"Unique id for inter-element referencing","definition":"Unique id for the element within a resource (for internal references). This may be any string value that does not contain spaces.","min":0,"max":"1","base":{"path":"Element.id","min":0,"max":"1"},"type":[{"extension":[{"url":"http://hl7.org/fhir/StructureDefinition/structuredefinition-fhir-type","valueUrl":"string"}],"code":"http://hl7.org/fhirpath/System.String"}],"isModifier":false,"isSummary":false,"mapping":[{"identity":"rim","map":"n/a"}]},{"id":"Bundle.entry.search.extension","path":"Bundle.entry.search.extension","short":"Additional content defined by implementations","definition":"May be used to represent additional information that is not part of the basic definition of the element. To make the use of extensions safe and manageable, there is a strict set of governance  applied to the definition and use of extensions. Though any implementer can define an extension, there is a set of requirements that SHALL be met as part of the definition of the extension.","comment":"There can be no stigma associated with the use of extensions by any application, project, or standard - regardless of the institution or jurisdiction that uses or defines the extensions.  The use of extensions is what allows the FHIR specification to retain a core level of simplicity for everyone.","alias":["extensions","user content"],"min":0,"max":"*","base":{"path":"Element.extension","min":0,"max":"*"},"type":[{"code":"Extension"}],"constraint":[{"key":"ele-1","severity":"error","human":"All FHIR elements must have a @value or children","expression":"hasValue() or (children().count() > id.count())","xpath":"@value|f:*|h:div","source":"http://hl7.org/fhir/StructureDefinition/Element"},{"key":"ext-1","severity":"error","human":"Must have either extensions or value[x], not both","expression":"extension.exists() != value.exists()","xpath":"exists(f:extension)!=exists(f:*[starts-with(local-name(.), \"value\")])","source":"http://hl7.org/fhir/StructureDefinition/Extension"}],"isModifier":false,"isSummary":false,"mapping":[{"identity":"rim","map":"n/a"}]},{"id":"Bundle.entry.search.modifierExtension","path":"Bundle.entry.search.modifierExtension","short":"Extensions that cannot be ignored even if unrecognized","definition":"May be used to represent additional information that is not part of the basic definition of the element and that modifies the understanding of the element in which it is contained and/or the understanding of the containing element's descendants. Usually modifier elements provide negation or qualification. To make the use of extensions safe and manageable, there is a strict set of governance applied to the definition and use of extensions. Though any implementer can define an extension, there is a set of requirements that SHALL be met as part of the definition of the extension. Applications processing a resource are required to check for modifier extensions.\n\nModifier extensions SHALL NOT change the meaning of any elements on Resource or DomainResource (including cannot change the meaning of modifierExtension itself).","comment":"There can be no stigma associated with the use of extensions by any application, project, or standard - regardless of the institution or jurisdiction that uses or defines the extensions.  The use of extensions is what allows the FHIR specification to retain a core level of simplicity for everyone.","requirements":"Modifier extensions allow for extensions that *cannot* be safely ignored to be clearly distinguished from the vast majority of extensions which can be safely ignored.  This promotes interoperability by eliminating the need for implementers to prohibit the presence of extensions. For further information, see the [definition of modifier extensions](http://hl7.org/fhir/R4/extensibility.html#modifierExtension).","alias":["extensions","user content","modifiers"],"min":0,"max":"*","base":{"path":"BackboneElement.modifierExtension","min":0,"max":"*"},"type":[{"code":"Extension"}],"constraint":[{"key":"ele-1","severity":"error","human":"All FHIR elements must have a @value or children","expression":"hasValue() or (children().count() > id.count())","xpath":"@value|f:*|h:div","source":"http://hl7.org/fhir/StructureDefinition/Element"},{"key":"ext-1","severity":"error","human":"Must have either extensions or value[x], not both","expression":"extension.exists() != value.exists()","xpath":"exists(f:extension)!=exists(f:*[starts-with(local-name(.), \"value\")])","source":"http://hl7.org/fhir/StructureDefinition/Extension"}],"isModifier":true,"isModifierReason":"Modifier extensions are expected to modify the meaning or interpretation of the element that contains them","isSummary":true,"mapping":[{"identity":"rim","map":"N/A"}]},{"id":"Bundle.entry.search.mode","path":"Bundle.entry.search.mode","short":"match | include | outcome - why this is in the result set","definition":"Why this entry is in the result set - whether it's included as a match or because of an _include requirement, or to convey information or warning information about the search process.","comment":"There is only one mode. In some corner cases, a resource may be included because it is both a match and an include. In these circumstances, 'match' takes precedence.","min":0,"max":"1","base":{"path":"Bundle.entry.search.mode","min":0,"max":"1"},"type":[{"code":"code"}],"constraint":[{"key":"ele-1","severity":"error","human":"All FHIR elements must have a @value or children","expression":"hasValue() or (children().count() > id.count())","xpath":"@value|f:*|h:div","source":"http://hl7.org/fhir/StructureDefinition/Element"}],"isModifier":false,"isSummary":true,"binding":{"extension":[{"url":"http://hl7.org/fhir/StructureDefinition/elementdefinition-bindingName","valueString":"SearchEntryMode"}],"strength":"required","description":"Why an entry is in the result set - whether it's included as a match or because of an _include requirement, or to convey information or warning information about the search process.","valueSet":"http://hl7.org/fhir/ValueSet/search-entry-mode|4.0.1"}},{"id":"Bundle.entry.search.score","path":"Bundle.entry.search.score","short":"Search ranking (between 0 and 1)","definition":"When searching, the server's search ranking score for the entry.","comment":"Servers are not required to return a ranking score. 1 is most relevant, and 0 is least relevant. Often, search results are sorted by score, but the client may specify a different sort order.\n\nSee [Patient Match](http://hl7.org/fhir/R4/patient-operation-match.html) for the EMPI search which relates to this element.","min":0,"max":"1","base":{"path":"Bundle.entry.search.score","min":0,"max":"1"},"type":[{"code":"decimal"}],"constraint":[{"key":"ele-1","severity":"error","human":"All FHIR elements must have a @value or children","expression":"hasValue() or (children().count() > id.count())","xpath":"@value|f:*|h:div","source":"http://hl7.org/fhir/StructureDefinition/Element"}],"isModifier":false,"isSummary":true},{"id":"Bundle.entry.request","path":"Bundle.entry.request","short":"Additional execution information (transaction/batch/history)","definition":"Additional information about how this entry should be processed as part of a transaction or batch.  For history, it shows how the entry was processed to create the version contained in the entry.","min":0,"max":"1","base":{"path":"Bundle.entry.request","min":0,"max":"1"},"type":[{"code":"BackboneElement"}],"condition":["bdl-3"],"constraint":[{"key":"ele-1","severity":"error","human":"All FHIR elements must have a @value or children","expression":"hasValue() or (children().count() > id.count())","xpath":"@value|f:*|h:div","source":"http://hl7.org/fhir/StructureDefinition/Element"}],"isModifier":false,"isSummary":true},{"id":"Bundle.entry.request.id","path":"Bundle.entry.request.id","representation":["xmlAttr"],"short":"Unique id for inter-element referencing","definition":"Unique id for the element within a resource (for internal references). This may be any string value that does not contain spaces.","min":0,"max":"1","base":{"path":"Element.id","min":0,"max":"1"},"type":[{"extension":[{"url":"http://hl7.org/fhir/StructureDefinition/structuredefinition-fhir-type","valueUrl":"string"}],"code":"http://hl7.org/fhirpath/System.String"}],"isModifier":false,"isSummary":false,"mapping":[{"identity":"rim","map":"n/a"}]},{"id":"Bundle.entry.request.extension","path":"Bundle.entry.request.extension","short":"Additional content defined by implementations","definition":"May be used to represent additional information that is not part of the basic definition of the element. To make the use of extensions safe and manageable, there is a strict set of governance  applied to the definition and use of extensions. Though any implementer can define an extension, there is a set of requirements that SHALL be met as part of the definition of the extension.","comment":"There can be no stigma associated with the use of extensions by any application, project, or standard - regardless of the institution or jurisdiction that uses or defines the extensions.  The use of extensions is what allows the FHIR specification to retain a core level of simplicity for everyone.","alias":["extensions","user content"],"min":0,"max":"*","base":{"path":"Element.extension","min":0,"max":"*"},"type":[{"code":"Extension"}],"constraint":[{"key":"ele-1","severity":"error","human":"All FHIR elements must have a @value or children","expression":"hasValue() or (children().count() > id.count())","xpath":"@value|f:*|h:div","source":"http://hl7.org/fhir/StructureDefinition/Element"},{"key":"ext-1","severity":"error","human":"Must have either extensions or value[x], not both","expression":"extension.exists() != value.exists()","xpath":"exists(f:extension)!=exists(f:*[starts-with(local-name(.), \"value\")])","source":"http://hl7.org/fhir/StructureDefinition/Extension"}],"isModifier":false,"isSummary":false,"mapping":[{"identity":"rim","map":"n/a"}]},{"id":"Bundle.entry.request.modifierExtension","path":"Bundle.entry.request.modifierExtension","short":"Extensions that cannot be ignored even if unrecognized","definition":"May be used to represent additional information that is not part of the basic definition of the element and that modifies the understanding of the element in which it is contained and/or the understanding of the containing element's descendants. Usually modifier elements provide negation or qualification. To make the use of extensions safe and manageable, there is a strict set of governance applied to the definition and use of extensions. Though any implementer can define an extension, there is a set of requirements that SHALL be met as part of the definition of the extension. Applications processing a resource are required to check for modifier extensions.\n\nModifier extensions SHALL NOT change the meaning of any elements on Resource or DomainResource (including cannot change the meaning of modifierExtension itself).","comment":"There can be no stigma associated with the use of extensions by any application, project, or standard - regardless of the institution or jurisdiction that uses or defines the extensions.  The use of extensions is what allows the FHIR specification to retain a core level of simplicity for everyone.","requirements":"Modifier extensions allow for extensions that *cannot* be safely ignored to be clearly distinguished from the vast majority of extensions which can be safely ignored.  This promotes interoperability by eliminating the need for implementers to prohibit the presence of extensions. For further information, see the [definition of modifier extensions](http://hl7.org/fhir/R4/extensibility.html#modifierExtension).","alias":["extensions","user content","modifiers"],"min":0,"max":"*","base":{"path":"BackboneElement.modifierExtension","min":0,"max":"*"},"type":[{"code":"Extension"}],"constraint":[{"key":"ele-1","severity":"error","human":"All FHIR elements must have a @value or children","expression":"hasValue() or (children().count() > id.count())","xpath":"@value|f:*|h:div","source":"http://hl7.org/fhir/StructureDefinition/Element"},{"key":"ext-1","severity":"error","human":"Must have either extensions or value[x], not both","expression":"extension.exists() != value.exists()","xpath":"exists(f:extension)!=exists(f:*[starts-with(local-name(.), \"value\")])","source":"http://hl7.org/fhir/StructureDefinition/Extension"}],"isModifier":true,"isModifierReason":"Modifier extensions are expected to modify the meaning or interpretation of the element that contains them","isSummary":true,"mapping":[{"identity":"rim","map":"N/A"}]},{"id":"Bundle.entry.request.method","path":"Bundle.entry.request.method","short":"GET | HEAD | POST | PUT | DELETE | PATCH","definition":"In a transaction or batch, this is the HTTP action to be executed for this entry. In a history bundle, this indicates the HTTP action that occurred.","min":1,"max":"1","base":{"path":"Bundle.entry.request.method","min":1,"max":"1"},"type":[{"code":"code"}],"constraint":[{"key":"ele-1","severity":"error","human":"All FHIR elements must have a @value or children","expression":"hasValue() or (children().count() > id.count())","xpath":"@value|f:*|h:div","source":"http://hl7.org/fhir/StructureDefinition/Element"}],"isModifier":false,"isSummary":true,"binding":{"extension":[{"url":"http://hl7.org/fhir/StructureDefinition/elementdefinition-bindingName","valueString":"HTTPVerb"}],"strength":"required","description":"HTTP verbs (in the HTTP command line). See [HTTP rfc](https://tools.ietf.org/html/rfc7231) for details.","valueSet":"http://hl7.org/fhir/ValueSet/http-verb|4.0.1"}},{"id":"Bundle.entry.request.url","path":"Bundle.entry.request.url","short":"URL for HTTP equivalent of this entry","definition":"The URL for this entry, relative to the root (the address to which the request is posted).","comment":"E.g. for a Patient Create, the method would be \"POST\" and the URL would be \"Patient\". For a Patient Update, the method would be PUT and the URL would be \"Patient/[id]\".","min":1,"max":"1","base":{"path":"Bundle.entry.request.url","min":1,"max":"1"},"type":[{"code":"uri"}],"constraint":[{"key":"ele-1","severity":"error","human":"All FHIR elements must have a @value or children","expression":"hasValue() or (children().count() > id.count())","xpath":"@value|f:*|h:div","source":"http://hl7.org/fhir/StructureDefinition/Element"}],"isModifier":false,"isSummary":true},{"id":"Bundle.entry.request.ifNoneMatch","path":"Bundle.entry.request.ifNoneMatch","short":"For managing cache currency","definition":"If the ETag values match, return a 304 Not Modified status. See the API documentation for [\"Conditional Read\"](http://hl7.org/fhir/R4/http.html#cread).","min":0,"max":"1","base":{"path":"Bundle.entry.request.ifNoneMatch","min":0,"max":"1"},"type":[{"code":"string"}],"constraint":[{"key":"ele-1","severity":"error","human":"All FHIR elements must have a @value or children","expression":"hasValue() or (children().count() > id.count())","xpath":"@value|f:*|h:div","source":"http://hl7.org/fhir/StructureDefinition/Element"}],"isModifier":false,"isSummary":true},{"id":"Bundle.entry.request.ifModifiedSince","path":"Bundle.entry.request.ifModifiedSince","short":"For managing cache currency","definition":"Only perform the operation if the last updated date matches. See the API documentation for [\"Conditional Read\"](http://hl7.org/fhir/R4/http.html#cread).","min":0,"max":"1","base":{"path":"Bundle.entry.request.ifModifiedSince","min":0,"max":"1"},"type":[{"code":"instant"}],"constraint":[{"key":"ele-1","severity":"error","human":"All FHIR elements must have a @value or children","expression":"hasValue() or (children().count() > id.count())","xpath":"@value|f:*|h:div","source":"http://hl7.org/fhir/StructureDefinition/Element"}],"isModifier":false,"isSummary":true},{"id":"Bundle.entry.request.ifMatch","path":"Bundle.entry.request.ifMatch","short":"For managing update contention","definition":"Only perform the operation if the Etag value matches. For more information, see the API section [\"Managing Resource Contention\"](http://hl7.org/fhir/R4/http.html#concurrency).","min":0,"max":"1","base":{"path":"Bundle.entry.request.ifMatch","min":0,"max":"1"},"type":[{"code":"string"}],"constraint":[{"key":"ele-1","severity":"error","human":"All FHIR elements must have a @value or children","expression":"hasValue() or (children().count() > id.count())","xpath":"@value|f:*|h:div","source":"http://hl7.org/fhir/StructureDefinition/Element"}],"isModifier":false,"isSummary":true},{"id":"Bundle.entry.request.ifNoneExist","path":"Bundle.entry.request.ifNoneExist","short":"For conditional creates","definition":"Instruct the server not to perform the create if a specified resource already exists. For further information, see the API documentation for [\"Conditional Create\"](http://hl7.org/fhir/R4/http.html#ccreate). This is just the query portion of the URL - what follows the \"?\" (not including the \"?\").","min":0,"max":"1","base":{"path":"Bundle.entry.request.ifNoneExist","min":0,"max":"1"},"type":[{"code":"string"}],"constraint":[{"key":"ele-1","severity":"error","human":"All FHIR elements must have a @value or children","expression":"hasValue() or (children().count() > id.count())","xpath":"@value|f:*|h:div","source":"http://hl7.org/fhir/StructureDefinition/Element"}],"isModifier":false,"isSummary":true},{"id":"Bundle.entry.response","path":"Bundle.entry.response","short":"Results of execution (transaction/batch/history)","definition":"Indicates the results of processing the corresponding 'request' entry in the batch or transaction being responded to or what the results of an operation where when returning history.","min":0,"max":"1","base":{"path":"Bundle.entry.response","min":0,"max":"1"},"type":[{"code":"BackboneElement"}],"condition":["bdl-4"],"constraint":[{"key":"ele-1","severity":"error","human":"All FHIR elements must have a @value or children","expression":"hasValue() or (children().count() > id.count())","xpath":"@value|f:*|h:div","source":"http://hl7.org/fhir/StructureDefinition/Element"}],"isModifier":false,"isSummary":true},{"id":"Bundle.entry.response.id","path":"Bundle.entry.response.id","representation":["xmlAttr"],"short":"Unique id for inter-element referencing","definition":"Unique id for the element within a resource (for internal references). This may be any string value that does not contain spaces.","min":0,"max":"1","base":{"path":"Element.id","min":0,"max":"1"},"type":[{"extension":[{"url":"http://hl7.org/fhir/StructureDefinition/structuredefinition-fhir-type","valueUrl":"string"}],"code":"http://hl7.org/fhirpath/System.String"}],"isModifier":false,"isSummary":false,"mapping":[{"identity":"rim","map":"n/a"}]},{"id":"Bundle.entry.response.extension","path":"Bundle.entry.response.extension","short":"Additional content defined by implementations","definition":"May be used to represent additional information that is not part of the basic definition of the element. To make the use of extensions safe and manageable, there is a strict set of governance  applied to the definition and use of extensions. Though any implementer can define an extension, there is a set of requirements that SHALL be met as part of the definition of the extension.","comment":"There can be no stigma associated with the use of extensions by any application, project, or standard - regardless of the institution or jurisdiction that uses or defines the extensions.  The use of extensions is what allows the FHIR specification to retain a core level of simplicity for everyone.","alias":["extensions","user content"],"min":0,"max":"*","base":{"path":"Element.extension","min":0,"max":"*"},"type":[{"code":"Extension"}],"constraint":[{"key":"ele-1","severity":"error","human":"All FHIR elements must have a @value or children","expression":"hasValue() or (children().count() > id.count())","xpath":"@value|f:*|h:div","source":"http://hl7.org/fhir/StructureDefinition/Element"},{"key":"ext-1","severity":"error","human":"Must have either extensions or value[x], not both","expression":"extension.exists() != value.exists()","xpath":"exists(f:extension)!=exists(f:*[starts-with(local-name(.), \"value\")])","source":"http://hl7.org/fhir/StructureDefinition/Extension"}],"isModifier":false,"isSummary":false,"mapping":[{"identity":"rim","map":"n/a"}]},{"id":"Bundle.entry.response.modifierExtension","path":"Bundle.entry.response.modifierExtension","short":"Extensions that cannot be ignored even if unrecognized","definition":"May be used to represent additional information that is not part of the basic definition of the element and that modifies the understanding of the element in which it is contained and/or the understanding of the containing element's descendants. Usually modifier elements provide negation or qualification. To make the use of extensions safe and manageable, there is a strict set of governance applied to the definition and use of extensions. Though any implementer can define an extension, there is a set of requirements that SHALL be met as part of the definition of the extension. Applications processing a resource are required to check for modifier extensions.\n\nModifier extensions SHALL NOT change the meaning of any elements on Resource or DomainResource (including cannot change the meaning of modifierExtension itself).","comment":"There can be no stigma associated with the use of extensions by any application, project, or standard - regardless of the institution or jurisdiction that uses or defines the extensions.  The use of extensions is what allows the FHIR specification to retain a core level of simplicity for everyone.","requirements":"Modifier extensions allow for extensions that *cannot* be safely ignored to be clearly distinguished from the vast majority of extensions which can be safely ignored.  This promotes interoperability by eliminating the need for implementers to prohibit the presence of extensions. For further information, see the [definition of modifier extensions](http://hl7.org/fhir/R4/extensibility.html#modifierExtension).","alias":["extensions","user content","modifiers"],"min":0,"max":"*","base":{"path":"BackboneElement.modifierExtension","min":0,"max":"*"},"type":[{"code":"Extension"}],"constraint":[{"key":"ele-1","severity":"error","human":"All FHIR elements must have a @value or children","expression":"hasValue() or (children().count() > id.count())","xpath":"@value|f:*|h:div","source":"http://hl7.org/fhir/StructureDefinition/Element"},{"key":"ext-1","severity":"error","human":"Must have either extensions or value[x], not both","expression":"extension.exists() != value.exists()","xpath":"exists(f:extension)!=exists(f:*[starts-with(local-name(.), \"value\")])","source":"http://hl7.org/fhir/StructureDefinition/Extension"}],"isModifier":true,"isModifierReason":"Modifier extensions are expected to modify the meaning or interpretation of the element that contains them","isSummary":true,"mapping":[{"identity":"rim","map":"N/A"}]},{"id":"Bundle.entry.response.status","path":"Bundle.entry.response.status","short":"Status response code (text optional)","definition":"The status code returned by processing this entry. The status SHALL start with a 3 digit HTTP code (e.g. 404) and may contain the standard HTTP description associated with the status code.","min":1,"max":"1","base":{"path":"Bundle.entry.response.status","min":1,"max":"1"},"type":[{"code":"string"}],"constraint":[{"key":"ele-1","severity":"error","human":"All FHIR elements must have a @value or children","expression":"hasValue() or (children().count() > id.count())","xpath":"@value|f:*|h:div","source":"http://hl7.org/fhir/StructureDefinition/Element"}],"isModifier":false,"isSummary":true},{"id":"Bundle.entry.response.location","path":"Bundle.entry.response.location","short":"The location (if the operation returns a location)","definition":"The location header created by processing this operation, populated if the operation returns a location.","min":0,"max":"1","base":{"path":"Bundle.entry.response.location","min":0,"max":"1"},"type":[{"code":"uri"}],"constraint":[{"key":"ele-1","severity":"error","human":"All FHIR elements must have a @value or children","expression":"hasValue() or (children().count() > id.count())","xpath":"@value|f:*|h:div","source":"http://hl7.org/fhir/StructureDefinition/Element"}],"isModifier":false,"isSummary":true},{"id":"Bundle.entry.response.etag","path":"Bundle.entry.response.etag","short":"The Etag for the resource (if relevant)","definition":"The Etag for the resource, if the operation for the entry produced a versioned resource (see [Resource Metadata and Versioning](http://hl7.org/fhir/R4/http.html#versioning) and [Managing Resource Contention](http://hl7.org/fhir/R4/http.html#concurrency)).","comment":"Etags match the Resource.meta.versionId. The ETag has to match the version id in the header if a resource is included.","min":0,"max":"1","base":{"path":"Bundle.entry.response.etag","min":0,"max":"1"},"type":[{"code":"string"}],"constraint":[{"key":"ele-1","severity":"error","human":"All FHIR elements must have a @value or children","expression":"hasValue() or (children().count() > id.count())","xpath":"@value|f:*|h:div","source":"http://hl7.org/fhir/StructureDefinition/Element"}],"isModifier":false,"isSummary":true},{"id":"Bundle.entry.response.lastModified","path":"Bundle.entry.response.lastModified","short":"Server's date time modified","definition":"The date/time that the resource was modified on the server.","comment":"This has to match the same time in the meta header (meta.lastUpdated) if a resource is included.","min":0,"max":"1","base":{"path":"Bundle.entry.response.lastModified","min":0,"max":"1"},"type":[{"code":"instant"}],"constraint":[{"key":"ele-1","severity":"error","human":"All FHIR elements must have a @value or children","expression":"hasValue() or (children().count() > id.count())","xpath":"@value|f:*|h:div","source":"http://hl7.org/fhir/StructureDefinition/Element"}],"isModifier":false,"isSummary":true},{"id":"Bundle.entry.response.outcome","path":"Bundle.entry.response.outcome","short":"OperationOutcome with hints and warnings (for batch/transaction)","definition":"An OperationOutcome containing hints and warnings produced as part of processing this entry in a batch or transaction.","comment":"For a POST/PUT operation, this is the equivalent outcome that would be returned for prefer = operationoutcome - except that the resource is always returned whether or not the outcome is returned.\n\nThis outcome is not used for error responses in batch/transaction, only for hints and warnings. In a batch operation, the error will be in Bundle.entry.response, and for transaction, there will be a single OperationOutcome instead of a bundle in the case of an error.","min":0,"max":"1","base":{"path":"Bundle.entry.response.outcome","min":0,"max":"1"},"type":[{"code":"Resource"}],"isModifier":false,"isSummary":true},{"id":"Bundle.signature","extension":[{"url":"http://hl7.org/fhir/StructureDefinition/structuredefinition-standards-status","valueCode":"trial-use"}],"path":"Bundle.signature","short":"Digital Signature","definition":"Digital Signature - base64 encoded. XML-DSig or a JWT.","comment":"The signature could be created by the \"author\" of the bundle or by the originating device.   Requirements around inclusion of a signature, verification of signatures and treatment of signed/non-signed bundles is implementation-environment specific.","requirements":"A Signature holds an electronic representation of a signature and its supporting context in a FHIR accessible form. The signature may either be a cryptographic type (XML DigSig or a JWS), which is able to provide non-repudiation proof, or it may be a graphical image that represents a signature or a signature process. This element allows capturing signatures on documents, messages, transactions or even search responses, to support content-authentication, non-repudiation or other business cases. This is primarily relevant where the bundle may travel through multiple hops or via other mechanisms where HTTPS non-repudiation is insufficient.","min":0,"max":"1","base":{"path":"Bundle.signature","min":0,"max":"1"},"type":[{"code":"Signature"}],"constraint":[{"key":"ele-1","severity":"error","human":"All FHIR elements must have a @value or children","expression":"hasValue() or (children().count() > id.count())","xpath":"@value|f:*|h:div","source":"http://hl7.org/fhir/StructureDefinition/Element"}],"isModifier":false,"isSummary":true}]},"differential":{"element":[{"id":"Bundle","path":"Bundle","min":1,"max":"1","mustSupport":true},{"id":"Bundle.type","path":"Bundle.type","short":"Тип бандла - коллекция ресурсов","definition":"Тип бандла.\nВ данном случае бандл - коллекция взаимосвязанных ресурсов.","patternCode":"collection","mustSupport":true},{"id":"Bundle.entry","path":"Bundle.entry","short":"Бандл должен содержать один или более ресурс (организация и/или подразделение)","definition":"Бандл должен содержать один или более ресурс (организация и/или подразделение).  \nОбязательные: организация.  \nОпциональные: организация и/или подразделение.","min":1,"mustSupport":true},{"id":"Bundle.entry.fullUrl","path":"Bundle.entry.fullUrl","short":"глобально уникальный идентификатор записи в бандле (guid)","definition":"Глобально уникальный идентификатор записи в бандле.  \nКаждой записи в бандле должен быть присвоен guid.","min":1,"mustSupport":true},{"id":"Bundle.entry.resource","path":"Bundle.entry.resource","min":1,"type":[{"code":"Organization","profile":["http://miramedix.ru/fhir/StructureDefinition/miramedix-demo-organization-division","http://miramedix.ru/fhir/StructureDefinition/miramedix-demo-organization"]}],"mustSupport":true}]}}