{"resourceType":"StructureDefinition","id":"nu-logical-model","text":{"status":"extensions","div":"<div xmlns=\"http://www.w3.org/1999/xhtml\"><table border=\"0\" cellpadding=\"0\" cellspacing=\"0\" style=\"border: 0px #F0F0F0 solid; font-size: 11px; font-family: verdana; vertical-align: top;\"><tr style=\"border: 1px #F0F0F0 solid; font-size: 11px; font-family: verdana; vertical-align: top\"><th style=\"vertical-align: top; text-align : left; background-color: white; border: 0px #F0F0F0 solid; padding:0px 4px 0px 4px\" class=\"hierarchy\"><a href=\"http://hl7.org/fhir/R4/formats.html#table\" title=\"The logical name of the element\">Name</a></th><th style=\"vertical-align: top; text-align : left; background-color: white; border: 0px #F0F0F0 solid; padding:0px 4px 0px 4px\" class=\"hierarchy\"><a href=\"http://hl7.org/fhir/R4/formats.html#table\" title=\"Information about the use of the element\">Flags</a></th><th style=\"vertical-align: top; text-align : left; background-color: white; border: 0px #F0F0F0 solid; padding:0px 4px 0px 4px\" class=\"hierarchy\"><a href=\"http://hl7.org/fhir/R4/formats.html#table\" title=\"Minimum and Maximum # of times the the element can appear in the instance\">Card.</a></th><th style=\"width: 100px\" class=\"hierarchy\"><a href=\"http://hl7.org/fhir/R4/formats.html#table\" title=\"Reference to the type of the element\">Type</a></th><th style=\"vertical-align: top; text-align : left; background-color: white; border: 0px #F0F0F0 solid; padding:0px 4px 0px 4px\" class=\"hierarchy\"><a href=\"http://hl7.org/fhir/R4/formats.html#table\" title=\"Additional information about the element\">Description &amp; Constraints</a><span style=\"float: right\"><a href=\"http://hl7.org/fhir/R4/formats.html#table\" title=\"Legend for this format\"><img src=\"http://hl7.org/fhir/R4/help16.png\" alt=\"doco\" style=\"background-color: inherit\"/></a></span></th></tr><tr style=\"border: 0px #F0F0F0 solid; padding:0px; vertical-align: top; background-color: white\"><td style=\"vertical-align: top; text-align : left; background-color: white; border: 0px #F0F0F0 solid; padding:0px 4px 0px 4px; white-space: nowrap; background-image: url(tbl_bck1.png)\" class=\"hierarchy\"><img src=\"tbl_spacer.png\" alt=\".\" style=\"background-color: inherit\" class=\"hierarchy\"/><img src=\"icon_element.gif\" alt=\".\" style=\"background-color: white; background-color: inherit\" title=\"Element\" class=\"hierarchy\"/> <a href=\"StructureDefinition-nu-logical-model-definitions.html#nu-logical-model\" title=\"Логическая модель нозологической единицы\">nu-logical-model</a><a name=\"nu-logical-model\"> </a></td><td style=\"vertical-align: top; text-align : left; background-color: white; border: 0px #F0F0F0 solid; padding:0px 4px 0px 4px\" class=\"hierarchy\"/><td style=\"vertical-align: top; text-align : left; background-color: white; border: 0px #F0F0F0 solid; padding:0px 4px 0px 4px\" class=\"hierarchy\"><span style=\"opacity: 0.5\">0</span><span style=\"opacity: 0.5\">..</span><span style=\"opacity: 0.5\">*</span></td><td style=\"vertical-align: top; text-align : left; background-color: white; border: 0px #F0F0F0 solid; padding:0px 4px 0px 4px\" class=\"hierarchy\"/><td style=\"vertical-align: top; text-align : left; background-color: white; border: 0px #F0F0F0 solid; padding:0px 4px 0px 4px\" class=\"hierarchy\">Нозологическая единица</td></tr>\r\n<tr style=\"border: 0px #F0F0F0 solid; padding:0px; vertical-align: top; background-color: #F7F7F7\"><td style=\"vertical-align: top; text-align : left; background-color: #F7F7F7; border: 0px #F0F0F0 solid; padding:0px 4px 0px 4px; white-space: nowrap; background-image: url(tbl_bck10.png)\" class=\"hierarchy\"><img src=\"tbl_spacer.png\" alt=\".\" style=\"background-color: inherit\" class=\"hierarchy\"/><img src=\"tbl_vjoin.png\" alt=\".\" style=\"background-color: inherit\" class=\"hierarchy\"/><img src=\"icon_datatype.gif\" alt=\".\" style=\"background-color: #F7F7F7; background-color: inherit\" title=\"Data Type\" class=\"hierarchy\"/> <a href=\"StructureDefinition-nu-logical-model-definitions.html#nu-logical-model.clinicalStatus\" title=\"текст\">clinicalStatus</a><a name=\"nu-logical-model.clinicalStatus\"> </a></td><td style=\"vertical-align: top; text-align : left; background-color: #F7F7F7; border: 0px #F0F0F0 solid; padding:0px 4px 0px 4px\" class=\"hierarchy\"/><td style=\"vertical-align: top; text-align : left; background-color: #F7F7F7; border: 0px #F0F0F0 solid; padding:0px 4px 0px 4px\" class=\"hierarchy\">0..1</td><td style=\"vertical-align: top; text-align : left; background-color: #F7F7F7; border: 0px #F0F0F0 solid; padding:0px 4px 0px 4px\" class=\"hierarchy\"><a href=\"http://hl7.org/fhir/R4/datatypes.html#CodeableConcept\">CodeableConcept</a></td><td style=\"vertical-align: top; text-align : left; background-color: #F7F7F7; border: 0px #F0F0F0 solid; padding:0px 4px 0px 4px\" class=\"hierarchy\">Статус нозологической единицы в соответствии с механизмом переходов статусов (активная нозологическая единица: установленная впервые в жизни, установленная повторно: рекуррентное заболевание, рецидив заболевания; неактивная нозологическая единица: снятая(отменённая), перенесённое заболевание, ремиссия заболевания)</td></tr>\r\n<tr style=\"border: 0px #F0F0F0 solid; padding:0px; vertical-align: top; background-color: white\"><td style=\"vertical-align: top; text-align : left; background-color: white; border: 0px #F0F0F0 solid; padding:0px 4px 0px 4px; white-space: nowrap; background-image: url(tbl_bck10.png)\" class=\"hierarchy\"><img src=\"tbl_spacer.png\" alt=\".\" style=\"background-color: inherit\" class=\"hierarchy\"/><img src=\"tbl_vjoin.png\" alt=\".\" style=\"background-color: inherit\" class=\"hierarchy\"/><img src=\"icon_datatype.gif\" alt=\".\" style=\"background-color: white; background-color: inherit\" title=\"Data Type\" class=\"hierarchy\"/> <a href=\"StructureDefinition-nu-logical-model-definitions.html#nu-logical-model.episodicity\" title=\"текст\">episodicity</a><a name=\"nu-logical-model.episodicity\"> </a></td><td style=\"vertical-align: top; text-align : left; background-color: white; border: 0px #F0F0F0 solid; padding:0px 4px 0px 4px\" class=\"hierarchy\"/><td style=\"vertical-align: top; text-align : left; background-color: white; border: 0px #F0F0F0 solid; padding:0px 4px 0px 4px\" class=\"hierarchy\">0..1</td><td style=\"vertical-align: top; text-align : left; background-color: white; border: 0px #F0F0F0 solid; padding:0px 4px 0px 4px\" class=\"hierarchy\"><a href=\"http://hl7.org/fhir/R4/datatypes.html#CodeableConcept\">CodeableConcept</a></td><td style=\"vertical-align: top; text-align : left; background-color: white; border: 0px #F0F0F0 solid; padding:0px 4px 0px 4px\" class=\"hierarchy\">Заболевание установлено впервые в жизни или повторно (рецидивы и рекуррентные заболевания).</td></tr>\r\n<tr style=\"border: 0px #F0F0F0 solid; padding:0px; vertical-align: top; background-color: #F7F7F7\"><td style=\"vertical-align: top; text-align : left; background-color: #F7F7F7; border: 0px #F0F0F0 solid; padding:0px 4px 0px 4px; white-space: nowrap; background-image: url(tbl_bck10.png)\" class=\"hierarchy\"><img src=\"tbl_spacer.png\" alt=\".\" style=\"background-color: inherit\" class=\"hierarchy\"/><img src=\"tbl_vjoin.png\" alt=\".\" style=\"background-color: inherit\" class=\"hierarchy\"/><img src=\"icon_datatype.gif\" alt=\".\" style=\"background-color: #F7F7F7; background-color: inherit\" title=\"Data Type\" class=\"hierarchy\"/> <a href=\"StructureDefinition-nu-logical-model-definitions.html#nu-logical-model.course\" title=\"текст\">course</a><a name=\"nu-logical-model.course\"> </a></td><td style=\"vertical-align: top; text-align : left; background-color: #F7F7F7; border: 0px #F0F0F0 solid; padding:0px 4px 0px 4px\" class=\"hierarchy\"/><td style=\"vertical-align: top; text-align : left; background-color: #F7F7F7; border: 0px #F0F0F0 solid; padding:0px 4px 0px 4px\" class=\"hierarchy\">0..1</td><td style=\"vertical-align: top; text-align : left; background-color: #F7F7F7; border: 0px #F0F0F0 solid; padding:0px 4px 0px 4px\" class=\"hierarchy\"><a href=\"http://hl7.org/fhir/R4/datatypes.html#CodeableConcept\">CodeableConcept</a></td><td style=\"vertical-align: top; text-align : left; background-color: #F7F7F7; border: 0px #F0F0F0 solid; padding:0px 4px 0px 4px\" class=\"hierarchy\">Характер заболевания (острое, хроническое).</td></tr>\r\n<tr style=\"border: 0px #F0F0F0 solid; padding:0px; vertical-align: top; background-color: white\"><td style=\"vertical-align: top; text-align : left; background-color: white; border: 0px #F0F0F0 solid; padding:0px 4px 0px 4px; white-space: nowrap; background-image: url(tbl_bck11.png)\" class=\"hierarchy\"><img src=\"tbl_spacer.png\" alt=\".\" style=\"background-color: inherit\" class=\"hierarchy\"/><img src=\"tbl_vjoin.png\" alt=\".\" style=\"background-color: inherit\" class=\"hierarchy\"/><img src=\"icon_datatype.gif\" alt=\".\" style=\"background-color: white; background-color: inherit\" title=\"Data Type\" class=\"hierarchy\"/> <a href=\"StructureDefinition-nu-logical-model-definitions.html#nu-logical-model.evidence\" title=\"текст\">evidence</a><a name=\"nu-logical-model.evidence\"> </a></td><td style=\"vertical-align: top; text-align : left; background-color: white; border: 0px #F0F0F0 solid; padding:0px 4px 0px 4px\" class=\"hierarchy\"/><td style=\"vertical-align: top; text-align : left; background-color: white; border: 0px #F0F0F0 solid; padding:0px 4px 0px 4px\" class=\"hierarchy\">0..1</td><td style=\"vertical-align: top; text-align : left; background-color: white; border: 0px #F0F0F0 solid; padding:0px 4px 0px 4px\" class=\"hierarchy\"><a href=\"http://hl7.org/fhir/R4/datatypes.html#BackboneElement\">BackboneElement</a></td><td style=\"vertical-align: top; text-align : left; background-color: white; border: 0px #F0F0F0 solid; padding:0px 4px 0px 4px\" class=\"hierarchy\">Подтверждение нозологической единицы</td></tr>\r\n<tr style=\"border: 0px #F0F0F0 solid; padding:0px; vertical-align: top; background-color: #F7F7F7\"><td style=\"vertical-align: top; text-align : left; background-color: #F7F7F7; border: 0px #F0F0F0 solid; padding:0px 4px 0px 4px; white-space: nowrap; background-image: url(tbl_bck110.png)\" class=\"hierarchy\"><img src=\"tbl_spacer.png\" alt=\".\" style=\"background-color: inherit\" class=\"hierarchy\"/><img src=\"tbl_vline.png\" alt=\".\" style=\"background-color: inherit\" class=\"hierarchy\"/><img src=\"tbl_vjoin.png\" alt=\".\" style=\"background-color: inherit\" class=\"hierarchy\"/><img src=\"icon_datatype.gif\" alt=\".\" style=\"background-color: #F7F7F7; background-color: inherit\" title=\"Data Type\" class=\"hierarchy\"/> <a href=\"StructureDefinition-nu-logical-model-definitions.html#nu-logical-model.evidence.evidenceStatus\" title=\"текст\">evidenceStatus</a><a name=\"nu-logical-model.evidence.evidenceStatus\"> </a></td><td style=\"vertical-align: top; text-align : left; background-color: #F7F7F7; border: 0px #F0F0F0 solid; padding:0px 4px 0px 4px\" class=\"hierarchy\"/><td style=\"vertical-align: top; text-align : left; background-color: #F7F7F7; border: 0px #F0F0F0 solid; padding:0px 4px 0px 4px\" class=\"hierarchy\">0..1</td><td style=\"vertical-align: top; text-align : left; background-color: #F7F7F7; border: 0px #F0F0F0 solid; padding:0px 4px 0px 4px\" class=\"hierarchy\"><a href=\"http://hl7.org/fhir/R4/datatypes.html#CodeableConcept\">CodeableConcept</a></td><td style=\"vertical-align: top; text-align : left; background-color: #F7F7F7; border: 0px #F0F0F0 solid; padding:0px 4px 0px 4px\" class=\"hierarchy\">Статус подтверждения нозологической единицы: подозреваемое (предварительное), подтвержденное, опровергнутое.</td></tr>\r\n<tr style=\"border: 0px #F0F0F0 solid; padding:0px; vertical-align: top; background-color: white\"><td style=\"vertical-align: top; text-align : left; background-color: white; border: 0px #F0F0F0 solid; padding:0px 4px 0px 4px; white-space: nowrap; background-image: url(tbl_bck100.png)\" class=\"hierarchy\"><img src=\"tbl_spacer.png\" alt=\".\" style=\"background-color: inherit\" class=\"hierarchy\"/><img src=\"tbl_vline.png\" alt=\".\" style=\"background-color: inherit\" class=\"hierarchy\"/><img src=\"tbl_vjoin_end.png\" alt=\".\" style=\"background-color: inherit\" class=\"hierarchy\"/><img src=\"icon_primitive.png\" alt=\".\" style=\"background-color: white; background-color: inherit\" title=\"Primitive Data Type\" class=\"hierarchy\"/> <a href=\"StructureDefinition-nu-logical-model-definitions.html#nu-logical-model.evidence.evidenceDate\" title=\"текст\">evidenceDate</a><a name=\"nu-logical-model.evidence.evidenceDate\"> </a></td><td style=\"vertical-align: top; text-align : left; background-color: white; border: 0px #F0F0F0 solid; padding:0px 4px 0px 4px\" class=\"hierarchy\"/><td style=\"vertical-align: top; text-align : left; background-color: white; border: 0px #F0F0F0 solid; padding:0px 4px 0px 4px\" class=\"hierarchy\">0..1</td><td style=\"vertical-align: top; text-align : left; background-color: white; border: 0px #F0F0F0 solid; padding:0px 4px 0px 4px\" class=\"hierarchy\"><a href=\"http://hl7.org/fhir/R4/datatypes.html#dateTime\">dateTime</a></td><td style=\"vertical-align: top; text-align : left; background-color: white; border: 0px #F0F0F0 solid; padding:0px 4px 0px 4px\" class=\"hierarchy\">Дата установления нозологической единицы (предлагается системой, возможно изменение во временных рамках, определяемых текущим функциональным профилем модуля).</td></tr>\r\n<tr style=\"border: 0px #F0F0F0 solid; padding:0px; vertical-align: top; background-color: #F7F7F7\"><td style=\"vertical-align: top; text-align : left; background-color: #F7F7F7; border: 0px #F0F0F0 solid; padding:0px 4px 0px 4px; white-space: nowrap; background-image: url(tbl_bck11.png)\" class=\"hierarchy\"><img src=\"tbl_spacer.png\" alt=\".\" style=\"background-color: inherit\" class=\"hierarchy\"/><img src=\"tbl_vjoin.png\" alt=\".\" style=\"background-color: inherit\" class=\"hierarchy\"/><img src=\"icon_datatype.gif\" alt=\".\" style=\"background-color: #F7F7F7; background-color: inherit\" title=\"Data Type\" class=\"hierarchy\"/> <a href=\"StructureDefinition-nu-logical-model-definitions.html#nu-logical-model.code\" title=\"текст\">code</a><a name=\"nu-logical-model.code\"> </a></td><td style=\"vertical-align: top; text-align : left; background-color: #F7F7F7; border: 0px #F0F0F0 solid; padding:0px 4px 0px 4px\" class=\"hierarchy\"/><td style=\"vertical-align: top; text-align : left; background-color: #F7F7F7; border: 0px #F0F0F0 solid; padding:0px 4px 0px 4px\" class=\"hierarchy\">0..1</td><td style=\"vertical-align: top; text-align : left; background-color: #F7F7F7; border: 0px #F0F0F0 solid; padding:0px 4px 0px 4px\" class=\"hierarchy\"><a href=\"http://hl7.org/fhir/R4/datatypes.html#CodeableConcept\">CodeableConcept</a></td><td style=\"vertical-align: top; text-align : left; background-color: #F7F7F7; border: 0px #F0F0F0 solid; padding:0px 4px 0px 4px\" class=\"hierarchy\">Код (шифр) заболевания по справочнику МКБ-10.</td></tr>\r\n<tr style=\"border: 0px #F0F0F0 solid; padding:0px; vertical-align: top; background-color: white\"><td style=\"vertical-align: top; text-align : left; background-color: white; border: 0px #F0F0F0 solid; padding:0px 4px 0px 4px; white-space: nowrap; background-image: url(tbl_bck100.png)\" class=\"hierarchy\"><img src=\"tbl_spacer.png\" alt=\".\" style=\"background-color: inherit\" class=\"hierarchy\"/><img src=\"tbl_vline.png\" alt=\".\" style=\"background-color: inherit\" class=\"hierarchy\"/><img src=\"tbl_vjoin_end.png\" alt=\".\" style=\"background-color: inherit\" class=\"hierarchy\"/><img src=\"icon_datatype.gif\" alt=\".\" style=\"background-color: white; background-color: inherit\" title=\"Data Type\" class=\"hierarchy\"/> <a href=\"StructureDefinition-nu-logical-model-definitions.html#nu-logical-model.code.codeQualification\" title=\"текст\">codeQualification</a><a name=\"nu-logical-model.code.codeQualification\"> </a></td><td style=\"vertical-align: top; text-align : left; background-color: white; border: 0px #F0F0F0 solid; padding:0px 4px 0px 4px\" class=\"hierarchy\"/><td style=\"vertical-align: top; text-align : left; background-color: white; border: 0px #F0F0F0 solid; padding:0px 4px 0px 4px\" class=\"hierarchy\">0..*</td><td style=\"vertical-align: top; text-align : left; background-color: white; border: 0px #F0F0F0 solid; padding:0px 4px 0px 4px\" class=\"hierarchy\"><a href=\"http://hl7.org/fhir/R4/datatypes.html#CodeableConcept\">CodeableConcept</a></td><td style=\"vertical-align: top; text-align : left; background-color: white; border: 0px #F0F0F0 solid; padding:0px 4px 0px 4px\" class=\"hierarchy\">Уточнение нозологических форм по синонимам и/или клиническим расширениям МКБ-10 (ICD10-CM)<br/></td></tr>\r\n<tr style=\"border: 0px #F0F0F0 solid; padding:0px; vertical-align: top; background-color: #F7F7F7\"><td style=\"vertical-align: top; text-align : left; background-color: #F7F7F7; border: 0px #F0F0F0 solid; padding:0px 4px 0px 4px; white-space: nowrap; background-image: url(tbl_bck10.png)\" class=\"hierarchy\"><img src=\"tbl_spacer.png\" alt=\".\" style=\"background-color: inherit\" class=\"hierarchy\"/><img src=\"tbl_vjoin.png\" alt=\".\" style=\"background-color: inherit\" class=\"hierarchy\"/><img src=\"icon_datatype.gif\" alt=\".\" style=\"background-color: #F7F7F7; background-color: inherit\" title=\"Data Type\" class=\"hierarchy\"/> <a href=\"StructureDefinition-nu-logical-model-definitions.html#nu-logical-model.site\" title=\"текст\">site</a><a name=\"nu-logical-model.site\"> </a></td><td style=\"vertical-align: top; text-align : left; background-color: #F7F7F7; border: 0px #F0F0F0 solid; padding:0px 4px 0px 4px\" class=\"hierarchy\"/><td style=\"vertical-align: top; text-align : left; background-color: #F7F7F7; border: 0px #F0F0F0 solid; padding:0px 4px 0px 4px\" class=\"hierarchy\">0..*</td><td style=\"vertical-align: top; text-align : left; background-color: #F7F7F7; border: 0px #F0F0F0 solid; padding:0px 4px 0px 4px\" class=\"hierarchy\"><a href=\"http://hl7.org/fhir/R4/datatypes.html#CodeableConcept\">CodeableConcept</a></td><td style=\"vertical-align: top; text-align : left; background-color: #F7F7F7; border: 0px #F0F0F0 solid; padding:0px 4px 0px 4px\" class=\"hierarchy\">Локализация заболевания<br/></td></tr>\r\n<tr style=\"border: 0px #F0F0F0 solid; padding:0px; vertical-align: top; background-color: white\"><td style=\"vertical-align: top; text-align : left; background-color: white; border: 0px #F0F0F0 solid; padding:0px 4px 0px 4px; white-space: nowrap; background-image: url(tbl_bck10.png)\" class=\"hierarchy\"><img src=\"tbl_spacer.png\" alt=\".\" style=\"background-color: inherit\" class=\"hierarchy\"/><img src=\"tbl_vjoin.png\" alt=\".\" style=\"background-color: inherit\" class=\"hierarchy\"/><img src=\"icon_reference.png\" alt=\".\" style=\"background-color: white; background-color: inherit\" title=\"Reference to another Resource\" class=\"hierarchy\"/> <a href=\"StructureDefinition-nu-logical-model-definitions.html#nu-logical-model.relationship\" title=\"текст\">relationship</a><a name=\"nu-logical-model.relationship\"> </a></td><td style=\"vertical-align: top; text-align : left; background-color: white; border: 0px #F0F0F0 solid; padding:0px 4px 0px 4px\" class=\"hierarchy\"/><td style=\"vertical-align: top; text-align : left; background-color: white; border: 0px #F0F0F0 solid; padding:0px 4px 0px 4px\" class=\"hierarchy\">0..*</td><td style=\"vertical-align: top; text-align : left; background-color: white; border: 0px #F0F0F0 solid; padding:0px 4px 0px 4px\" class=\"hierarchy\"><a href=\"http://hl7.org/fhir/R4/references.html\">Reference</a>(<a href=\"StructureDefinition-nu-logical-model.html\">Нозологическая единица</a>)</td><td style=\"vertical-align: top; text-align : left; background-color: white; border: 0px #F0F0F0 solid; padding:0px 4px 0px 4px\" class=\"hierarchy\">Взаимоотношение добавляемой нозологической единицы с другими, уже присутствующими в диагнозе<br/></td></tr>\r\n<tr style=\"border: 0px #F0F0F0 solid; padding:0px; vertical-align: top; background-color: #F7F7F7\"><td style=\"vertical-align: top; text-align : left; background-color: #F7F7F7; border: 0px #F0F0F0 solid; padding:0px 4px 0px 4px; white-space: nowrap; background-image: url(tbl_bck10.png)\" class=\"hierarchy\"><img src=\"tbl_spacer.png\" alt=\".\" style=\"background-color: inherit\" class=\"hierarchy\"/><img src=\"tbl_vjoin.png\" alt=\".\" style=\"background-color: inherit\" class=\"hierarchy\"/><img src=\"icon_primitive.png\" alt=\".\" style=\"background-color: #F7F7F7; background-color: inherit\" title=\"Primitive Data Type\" class=\"hierarchy\"/> <a href=\"StructureDefinition-nu-logical-model-definitions.html#nu-logical-model.clinicalDescritpion\" title=\"текст\">clinicalDescritpion</a><a name=\"nu-logical-model.clinicalDescritpion\"> </a></td><td style=\"vertical-align: top; text-align : left; background-color: #F7F7F7; border: 0px #F0F0F0 solid; padding:0px 4px 0px 4px\" class=\"hierarchy\"/><td style=\"vertical-align: top; text-align : left; background-color: #F7F7F7; border: 0px #F0F0F0 solid; padding:0px 4px 0px 4px\" class=\"hierarchy\">0..1</td><td style=\"vertical-align: top; text-align : left; background-color: #F7F7F7; border: 0px #F0F0F0 solid; padding:0px 4px 0px 4px\" class=\"hierarchy\"><a href=\"http://hl7.org/fhir/R4/datatypes.html#string\">string</a></td><td style=\"vertical-align: top; text-align : left; background-color: #F7F7F7; border: 0px #F0F0F0 solid; padding:0px 4px 0px 4px\" class=\"hierarchy\">Клиническая формулировка, выбранная лечащим врачом </td></tr>\r\n<tr style=\"border: 0px #F0F0F0 solid; padding:0px; vertical-align: top; background-color: white\"><td style=\"vertical-align: top; text-align : left; background-color: white; border: 0px #F0F0F0 solid; padding:0px 4px 0px 4px; white-space: nowrap; background-image: url(tbl_bck11.png)\" class=\"hierarchy\"><img src=\"tbl_spacer.png\" alt=\".\" style=\"background-color: inherit\" class=\"hierarchy\"/><img src=\"tbl_vjoin.png\" alt=\".\" style=\"background-color: inherit\" class=\"hierarchy\"/><img src=\"icon_datatype.gif\" alt=\".\" style=\"background-color: white; background-color: inherit\" title=\"Data Type\" class=\"hierarchy\"/> <a href=\"StructureDefinition-nu-logical-model-definitions.html#nu-logical-model.onco\" title=\"текст\">onco</a><a name=\"nu-logical-model.onco\"> </a></td><td style=\"vertical-align: top; text-align : left; background-color: white; border: 0px #F0F0F0 solid; padding:0px 4px 0px 4px\" class=\"hierarchy\"/><td style=\"vertical-align: top; text-align : left; background-color: white; border: 0px #F0F0F0 solid; padding:0px 4px 0px 4px\" class=\"hierarchy\">0..1</td><td style=\"vertical-align: top; text-align : left; background-color: white; border: 0px #F0F0F0 solid; padding:0px 4px 0px 4px\" class=\"hierarchy\"><a href=\"http://hl7.org/fhir/R4/datatypes.html#BackboneElement\">BackboneElement</a></td><td style=\"vertical-align: top; text-align : left; background-color: white; border: 0px #F0F0F0 solid; padding:0px 4px 0px 4px\" class=\"hierarchy\">Онкологический профиль</td></tr>\r\n<tr style=\"border: 0px #F0F0F0 solid; padding:0px; vertical-align: top; background-color: #F7F7F7\"><td style=\"vertical-align: top; text-align : left; background-color: #F7F7F7; border: 0px #F0F0F0 solid; padding:0px 4px 0px 4px; white-space: nowrap; background-image: url(tbl_bck110.png)\" class=\"hierarchy\"><img src=\"tbl_spacer.png\" alt=\".\" style=\"background-color: inherit\" class=\"hierarchy\"/><img src=\"tbl_vline.png\" alt=\".\" style=\"background-color: inherit\" class=\"hierarchy\"/><img src=\"tbl_vjoin.png\" alt=\".\" style=\"background-color: inherit\" class=\"hierarchy\"/><img src=\"icon_datatype.gif\" alt=\".\" style=\"background-color: #F7F7F7; background-color: inherit\" title=\"Data Type\" class=\"hierarchy\"/> <a href=\"StructureDefinition-nu-logical-model-definitions.html#nu-logical-model.onco.oncoHist\" title=\"текст\">oncoHist</a><a name=\"nu-logical-model.onco.oncoHist\"> </a></td><td style=\"vertical-align: top; text-align : left; background-color: #F7F7F7; border: 0px #F0F0F0 solid; padding:0px 4px 0px 4px\" class=\"hierarchy\"/><td style=\"vertical-align: top; text-align : left; background-color: #F7F7F7; border: 0px #F0F0F0 solid; padding:0px 4px 0px 4px\" class=\"hierarchy\">0..1</td><td style=\"vertical-align: top; text-align : left; background-color: #F7F7F7; border: 0px #F0F0F0 solid; padding:0px 4px 0px 4px\" class=\"hierarchy\"><a href=\"http://hl7.org/fhir/R4/datatypes.html#CodeableConcept\">CodeableConcept</a></td><td style=\"vertical-align: top; text-align : left; background-color: #F7F7F7; border: 0px #F0F0F0 solid; padding:0px 4px 0px 4px\" class=\"hierarchy\">Указание гистологического типа новообразования, подтвержденного патологоанатомом, и его шифр по справочнику МКБ-О</td></tr>\r\n<tr style=\"border: 0px #F0F0F0 solid; padding:0px; vertical-align: top; background-color: white\"><td style=\"vertical-align: top; text-align : left; background-color: white; border: 0px #F0F0F0 solid; padding:0px 4px 0px 4px; white-space: nowrap; background-image: url(tbl_bck101.png)\" class=\"hierarchy\"><img src=\"tbl_spacer.png\" alt=\".\" style=\"background-color: inherit\" class=\"hierarchy\"/><img src=\"tbl_vline.png\" alt=\".\" style=\"background-color: inherit\" class=\"hierarchy\"/><img src=\"tbl_vjoin_end.png\" alt=\".\" style=\"background-color: inherit\" class=\"hierarchy\"/><img src=\"icon_datatype.gif\" alt=\".\" style=\"background-color: white; background-color: inherit\" title=\"Data Type\" class=\"hierarchy\"/> <a href=\"StructureDefinition-nu-logical-model-definitions.html#nu-logical-model.onco.oncoStatus\" title=\"текст\">oncoStatus</a><a name=\"nu-logical-model.onco.oncoStatus\"> </a></td><td style=\"vertical-align: top; text-align : left; background-color: white; border: 0px #F0F0F0 solid; padding:0px 4px 0px 4px\" class=\"hierarchy\"/><td style=\"vertical-align: top; text-align : left; background-color: white; border: 0px #F0F0F0 solid; padding:0px 4px 0px 4px\" class=\"hierarchy\">0..1</td><td style=\"vertical-align: top; text-align : left; background-color: white; border: 0px #F0F0F0 solid; padding:0px 4px 0px 4px\" class=\"hierarchy\"><a href=\"http://hl7.org/fhir/R4/datatypes.html#BackboneElement\">BackboneElement</a></td><td style=\"vertical-align: top; text-align : left; background-color: white; border: 0px #F0F0F0 solid; padding:0px 4px 0px 4px\" class=\"hierarchy\">Указание актуального состояния опухолевого процесса по системе TNM</td></tr>\r\n<tr style=\"border: 0px #F0F0F0 solid; padding:0px; vertical-align: top; background-color: #F7F7F7\"><td style=\"vertical-align: top; text-align : left; background-color: #F7F7F7; border: 0px #F0F0F0 solid; padding:0px 4px 0px 4px; white-space: nowrap; background-image: url(tbl_bck1010.png)\" class=\"hierarchy\"><img src=\"tbl_spacer.png\" alt=\".\" style=\"background-color: inherit\" class=\"hierarchy\"/><img src=\"tbl_vline.png\" alt=\".\" style=\"background-color: inherit\" class=\"hierarchy\"/><img src=\"tbl_blank.png\" alt=\".\" style=\"background-color: inherit\" class=\"hierarchy\"/><img src=\"tbl_vjoin.png\" alt=\".\" style=\"background-color: inherit\" class=\"hierarchy\"/><img src=\"icon_datatype.gif\" alt=\".\" style=\"background-color: #F7F7F7; background-color: inherit\" title=\"Data Type\" class=\"hierarchy\"/> <a href=\"StructureDefinition-nu-logical-model-definitions.html#nu-logical-model.onco.oncoStatus.oncoStatusType\" title=\"текст\">oncoStatusType</a><a name=\"nu-logical-model.onco.oncoStatus.oncoStatusType\"> </a></td><td style=\"vertical-align: top; text-align : left; background-color: #F7F7F7; border: 0px #F0F0F0 solid; padding:0px 4px 0px 4px\" class=\"hierarchy\"/><td style=\"vertical-align: top; text-align : left; background-color: #F7F7F7; border: 0px #F0F0F0 solid; padding:0px 4px 0px 4px\" class=\"hierarchy\">0..1</td><td style=\"vertical-align: top; text-align : left; background-color: #F7F7F7; border: 0px #F0F0F0 solid; padding:0px 4px 0px 4px\" class=\"hierarchy\"><a href=\"http://hl7.org/fhir/R4/datatypes.html#CodeableConcept\">CodeableConcept</a></td><td style=\"vertical-align: top; text-align : left; background-color: #F7F7F7; border: 0px #F0F0F0 solid; padding:0px 4px 0px 4px\" class=\"hierarchy\">режим стадирования (c yc p yp r) </td></tr>\r\n<tr style=\"border: 0px #F0F0F0 solid; padding:0px; vertical-align: top; background-color: white\"><td style=\"vertical-align: top; text-align : left; background-color: white; border: 0px #F0F0F0 solid; padding:0px 4px 0px 4px; white-space: nowrap; background-image: url(tbl_bck1010.png)\" class=\"hierarchy\"><img src=\"tbl_spacer.png\" alt=\".\" style=\"background-color: inherit\" class=\"hierarchy\"/><img src=\"tbl_vline.png\" alt=\".\" style=\"background-color: inherit\" class=\"hierarchy\"/><img src=\"tbl_blank.png\" alt=\".\" style=\"background-color: inherit\" class=\"hierarchy\"/><img src=\"tbl_vjoin.png\" alt=\".\" style=\"background-color: inherit\" class=\"hierarchy\"/><img src=\"icon_datatype.gif\" alt=\".\" style=\"background-color: white; background-color: inherit\" title=\"Data Type\" class=\"hierarchy\"/> <a href=\"StructureDefinition-nu-logical-model-definitions.html#nu-logical-model.onco.oncoStatus.oncoStatusTumor\" title=\"текст\">oncoStatusTumor</a><a name=\"nu-logical-model.onco.oncoStatus.oncoStatusTumor\"> </a></td><td style=\"vertical-align: top; text-align : left; background-color: white; border: 0px #F0F0F0 solid; padding:0px 4px 0px 4px\" class=\"hierarchy\"/><td style=\"vertical-align: top; text-align : left; background-color: white; border: 0px #F0F0F0 solid; padding:0px 4px 0px 4px\" class=\"hierarchy\">0..1</td><td style=\"vertical-align: top; text-align : left; background-color: white; border: 0px #F0F0F0 solid; padding:0px 4px 0px 4px\" class=\"hierarchy\"><a href=\"http://hl7.org/fhir/R4/datatypes.html#CodeableConcept\">CodeableConcept</a></td><td style=\"vertical-align: top; text-align : left; background-color: white; border: 0px #F0F0F0 solid; padding:0px 4px 0px 4px\" class=\"hierarchy\">T (tumor) — распространённость первичной опухоли</td></tr>\r\n<tr style=\"border: 0px #F0F0F0 solid; padding:0px; vertical-align: top; background-color: #F7F7F7\"><td style=\"vertical-align: top; text-align : left; background-color: #F7F7F7; border: 0px #F0F0F0 solid; padding:0px 4px 0px 4px; white-space: nowrap; background-image: url(tbl_bck1010.png)\" class=\"hierarchy\"><img src=\"tbl_spacer.png\" alt=\".\" style=\"background-color: inherit\" class=\"hierarchy\"/><img src=\"tbl_vline.png\" alt=\".\" style=\"background-color: inherit\" class=\"hierarchy\"/><img src=\"tbl_blank.png\" alt=\".\" style=\"background-color: inherit\" class=\"hierarchy\"/><img src=\"tbl_vjoin.png\" alt=\".\" style=\"background-color: inherit\" class=\"hierarchy\"/><img src=\"icon_datatype.gif\" alt=\".\" style=\"background-color: #F7F7F7; background-color: inherit\" title=\"Data Type\" class=\"hierarchy\"/> <a href=\"StructureDefinition-nu-logical-model-definitions.html#nu-logical-model.onco.oncoStatus.oncoStatusNodus\" title=\"текст\">oncoStatusNodus</a><a name=\"nu-logical-model.onco.oncoStatus.oncoStatusNodus\"> </a></td><td style=\"vertical-align: top; text-align : left; background-color: #F7F7F7; border: 0px #F0F0F0 solid; padding:0px 4px 0px 4px\" class=\"hierarchy\"/><td style=\"vertical-align: top; text-align : left; background-color: #F7F7F7; border: 0px #F0F0F0 solid; padding:0px 4px 0px 4px\" class=\"hierarchy\">0..1</td><td style=\"vertical-align: top; text-align : left; background-color: #F7F7F7; border: 0px #F0F0F0 solid; padding:0px 4px 0px 4px\" class=\"hierarchy\"><a href=\"http://hl7.org/fhir/R4/datatypes.html#CodeableConcept\">CodeableConcept</a></td><td style=\"vertical-align: top; text-align : left; background-color: #F7F7F7; border: 0px #F0F0F0 solid; padding:0px 4px 0px 4px\" class=\"hierarchy\">N (nodus) — наличие метастазов в регионарных лимфатических узлах</td></tr>\r\n<tr style=\"border: 0px #F0F0F0 solid; padding:0px; vertical-align: top; background-color: white\"><td style=\"vertical-align: top; text-align : left; background-color: white; border: 0px #F0F0F0 solid; padding:0px 4px 0px 4px; white-space: nowrap; background-image: url(tbl_bck1010.png)\" class=\"hierarchy\"><img src=\"tbl_spacer.png\" alt=\".\" style=\"background-color: inherit\" class=\"hierarchy\"/><img src=\"tbl_vline.png\" alt=\".\" style=\"background-color: inherit\" class=\"hierarchy\"/><img src=\"tbl_blank.png\" alt=\".\" style=\"background-color: inherit\" class=\"hierarchy\"/><img src=\"tbl_vjoin.png\" alt=\".\" style=\"background-color: inherit\" class=\"hierarchy\"/><img src=\"icon_datatype.gif\" alt=\".\" style=\"background-color: white; background-color: inherit\" title=\"Data Type\" class=\"hierarchy\"/> <a href=\"StructureDefinition-nu-logical-model-definitions.html#nu-logical-model.onco.oncoStatus.oncoStatusMetastasis\" title=\"текст\">oncoStatusMetastasis</a><a name=\"nu-logical-model.onco.oncoStatus.oncoStatusMetastasis\"> </a></td><td style=\"vertical-align: top; text-align : left; background-color: white; border: 0px #F0F0F0 solid; padding:0px 4px 0px 4px\" class=\"hierarchy\"/><td style=\"vertical-align: top; text-align : left; background-color: white; border: 0px #F0F0F0 solid; padding:0px 4px 0px 4px\" class=\"hierarchy\">0..1</td><td style=\"vertical-align: top; text-align : left; background-color: white; border: 0px #F0F0F0 solid; padding:0px 4px 0px 4px\" class=\"hierarchy\"><a href=\"http://hl7.org/fhir/R4/datatypes.html#CodeableConcept\">CodeableConcept</a></td><td style=\"vertical-align: top; text-align : left; background-color: white; border: 0px #F0F0F0 solid; padding:0px 4px 0px 4px\" class=\"hierarchy\">M (metastasis) — наличие отдалённых метастазов</td></tr>\r\n<tr style=\"border: 0px #F0F0F0 solid; padding:0px; vertical-align: top; background-color: #F7F7F7\"><td style=\"vertical-align: top; text-align : left; background-color: #F7F7F7; border: 0px #F0F0F0 solid; padding:0px 4px 0px 4px; white-space: nowrap; background-image: url(tbl_bck1000.png)\" class=\"hierarchy\"><img src=\"tbl_spacer.png\" alt=\".\" style=\"background-color: inherit\" class=\"hierarchy\"/><img src=\"tbl_vline.png\" alt=\".\" style=\"background-color: inherit\" class=\"hierarchy\"/><img src=\"tbl_blank.png\" alt=\".\" style=\"background-color: inherit\" class=\"hierarchy\"/><img src=\"tbl_vjoin_end.png\" alt=\".\" style=\"background-color: inherit\" class=\"hierarchy\"/><img src=\"icon_datatype.gif\" alt=\".\" style=\"background-color: #F7F7F7; background-color: inherit\" title=\"Data Type\" class=\"hierarchy\"/> <a href=\"StructureDefinition-nu-logical-model-definitions.html#nu-logical-model.onco.oncoStatus.oncoStatusMisc\" title=\"текст\">oncoStatusMisc</a><a name=\"nu-logical-model.onco.oncoStatus.oncoStatusMisc\"> </a></td><td style=\"vertical-align: top; text-align : left; background-color: #F7F7F7; border: 0px #F0F0F0 solid; padding:0px 4px 0px 4px\" class=\"hierarchy\"/><td style=\"vertical-align: top; text-align : left; background-color: #F7F7F7; border: 0px #F0F0F0 solid; padding:0px 4px 0px 4px\" class=\"hierarchy\">0..*</td><td style=\"vertical-align: top; text-align : left; background-color: #F7F7F7; border: 0px #F0F0F0 solid; padding:0px 4px 0px 4px\" class=\"hierarchy\"><a href=\"http://hl7.org/fhir/R4/datatypes.html#CodeableConcept\">CodeableConcept</a></td><td style=\"vertical-align: top; text-align : left; background-color: #F7F7F7; border: 0px #F0F0F0 solid; padding:0px 4px 0px 4px\" class=\"hierarchy\">дополнительные классификации GLVR<br/></td></tr>\r\n<tr style=\"border: 0px #F0F0F0 solid; padding:0px; vertical-align: top; background-color: white\"><td style=\"vertical-align: top; text-align : left; background-color: white; border: 0px #F0F0F0 solid; padding:0px 4px 0px 4px; white-space: nowrap; background-image: url(tbl_bck00.png)\" class=\"hierarchy\"><img src=\"tbl_spacer.png\" alt=\".\" style=\"background-color: inherit\" class=\"hierarchy\"/><img src=\"tbl_vjoin_end.png\" alt=\".\" style=\"background-color: inherit\" class=\"hierarchy\"/><img src=\"icon_primitive.png\" alt=\".\" style=\"background-color: white; background-color: inherit\" title=\"Primitive Data Type\" class=\"hierarchy\"/> <a href=\"StructureDefinition-nu-logical-model-definitions.html#nu-logical-model.evidence\" title=\"текст\">evidence</a><a name=\"nu-logical-model.evidence\"> </a></td><td style=\"vertical-align: top; text-align : left; background-color: white; border: 0px #F0F0F0 solid; padding:0px 4px 0px 4px\" class=\"hierarchy\"/><td style=\"vertical-align: top; text-align : left; background-color: white; border: 0px #F0F0F0 solid; padding:0px 4px 0px 4px\" class=\"hierarchy\">0..*</td><td style=\"vertical-align: top; text-align : left; background-color: white; border: 0px #F0F0F0 solid; padding:0px 4px 0px 4px\" class=\"hierarchy\"><a href=\"http://hl7.org/fhir/R4/datatypes.html#string\">string</a></td><td style=\"vertical-align: top; text-align : left; background-color: white; border: 0px #F0F0F0 solid; padding:0px 4px 0px 4px\" class=\"hierarchy\">Дополнительные классификаторы и параметры<br/></td></tr>\r\n<tr><td colspan=\"5\" class=\"hierarchy\"><br/><a href=\"http://hl7.org/fhir/R4/formats.html#table\" title=\"Legend for this format\"><img src=\"http://hl7.org/fhir/R4/help16.png\" alt=\"doco\" style=\"background-color: inherit\"/> Documentation for this format</a></td></tr></table></div>"},"url":"http://docs.miramedix.ru/fhir/IG//StructureDefinition/nu-logical-model","version":"0.1.0","name":"Nu_logical_model","title":"Нозологическая единица","status":"active","date":"2022-04-27T17:36:36+03:00","description":"Логическая модель нозологической единицы","fhirVersion":"4.0.1","mapping":[{"identity":"rim","uri":"http://hl7.org/v3","name":"RIM Mapping"}],"kind":"logical","abstract":false,"type":"http://docs.miramedix.ru/fhir/IG//StructureDefinition/nu-logical-model","baseDefinition":"http://hl7.org/fhir/StructureDefinition/Base","derivation":"specialization","snapshot":{"element":[{"id":"nu-logical-model","path":"nu-logical-model","short":"Нозологическая единица","definition":"Логическая модель нозологической единицы","min":0,"max":"*","base":{"path":"Base","min":0,"max":"*"},"isModifier":false},{"id":"nu-logical-model.clinicalStatus","path":"nu-logical-model.clinicalStatus","short":"Статус нозологической единицы в соответствии с механизмом переходов статусов (активная нозологическая единица: установленная впервые в жизни, установленная повторно: рекуррентное заболевание, рецидив заболевания; неактивная нозологическая единица: снятая(отменённая), перенесённое заболевание, ремиссия заболевания)","definition":"текст","min":0,"max":"1","base":{"path":"nu-logical-model.clinicalStatus","min":0,"max":"1"},"type":[{"code":"CodeableConcept"}]},{"id":"nu-logical-model.episodicity","path":"nu-logical-model.episodicity","short":"Заболевание установлено впервые в жизни или повторно (рецидивы и рекуррентные заболевания).","definition":"текст","min":0,"max":"1","base":{"path":"nu-logical-model.episodicity","min":0,"max":"1"},"type":[{"code":"CodeableConcept"}]},{"id":"nu-logical-model.course","path":"nu-logical-model.course","short":"Характер заболевания (острое, хроническое).","definition":"текст","min":0,"max":"1","base":{"path":"nu-logical-model.course","min":0,"max":"1"},"type":[{"code":"CodeableConcept"}]},{"id":"nu-logical-model.evidence","path":"nu-logical-model.evidence","short":"Подтверждение нозологической единицы","definition":"текст","min":0,"max":"1","base":{"path":"nu-logical-model.evidence","min":0,"max":"1"},"type":[{"code":"BackboneElement"}]},{"id":"nu-logical-model.evidence.evidenceStatus","path":"nu-logical-model.evidence.evidenceStatus","short":"Статус подтверждения нозологической единицы: подозреваемое (предварительное), подтвержденное, опровергнутое.","definition":"текст","min":0,"max":"1","base":{"path":"nu-logical-model.evidence.evidenceStatus","min":0,"max":"1"},"type":[{"code":"CodeableConcept"}]},{"id":"nu-logical-model.evidence.evidenceDate","path":"nu-logical-model.evidence.evidenceDate","short":"Дата установления нозологической единицы (предлагается системой, возможно изменение во временных рамках, определяемых текущим функциональным профилем модуля).","definition":"текст","min":0,"max":"1","base":{"path":"nu-logical-model.evidence.evidenceDate","min":0,"max":"1"},"type":[{"code":"dateTime"}]},{"id":"nu-logical-model.code","path":"nu-logical-model.code","short":"Код (шифр) заболевания по справочнику МКБ-10.","definition":"текст","min":0,"max":"1","base":{"path":"nu-logical-model.code","min":0,"max":"1"},"type":[{"code":"CodeableConcept"}]},{"id":"nu-logical-model.code.codeQualification","path":"nu-logical-model.code.codeQualification","short":"Уточнение нозологических форм по синонимам и/или клиническим расширениям МКБ-10 (ICD10-CM)","definition":"текст","min":0,"max":"*","base":{"path":"nu-logical-model.code.codeQualification","min":0,"max":"*"},"type":[{"code":"CodeableConcept"}]},{"id":"nu-logical-model.site","path":"nu-logical-model.site","short":"Локализация заболевания","definition":"текст","min":0,"max":"*","base":{"path":"nu-logical-model.site","min":0,"max":"*"},"type":[{"code":"CodeableConcept"}]},{"id":"nu-logical-model.relationship","path":"nu-logical-model.relationship","short":"Взаимоотношение добавляемой нозологической единицы с другими, уже присутствующими в диагнозе","definition":"текст","min":0,"max":"*","base":{"path":"nu-logical-model.relationship","min":0,"max":"*"},"type":[{"code":"Reference","targetProfile":["http://docs.miramedix.ru/fhir/IG//StructureDefinition/nu-logical-model"]}]},{"id":"nu-logical-model.clinicalDescritpion","path":"nu-logical-model.clinicalDescritpion","short":"Клиническая формулировка, выбранная лечащим врачом ","definition":"текст","min":0,"max":"1","base":{"path":"nu-logical-model.clinicalDescritpion","min":0,"max":"1"},"type":[{"code":"string"}]},{"id":"nu-logical-model.onco","path":"nu-logical-model.onco","short":"Онкологический профиль","definition":"текст","min":0,"max":"1","base":{"path":"nu-logical-model.onco","min":0,"max":"1"},"type":[{"code":"BackboneElement"}]},{"id":"nu-logical-model.onco.oncoHist","path":"nu-logical-model.onco.oncoHist","short":"Указание гистологического типа новообразования, подтвержденного патологоанатомом, и его шифр по справочнику МКБ-О","definition":"текст","min":0,"max":"1","base":{"path":"nu-logical-model.onco.oncoHist","min":0,"max":"1"},"type":[{"code":"CodeableConcept"}]},{"id":"nu-logical-model.onco.oncoStatus","path":"nu-logical-model.onco.oncoStatus","short":"Указание актуального состояния опухолевого процесса по системе TNM","definition":"текст","min":0,"max":"1","base":{"path":"nu-logical-model.onco.oncoStatus","min":0,"max":"1"},"type":[{"code":"BackboneElement"}]},{"id":"nu-logical-model.onco.oncoStatus.oncoStatusType","path":"nu-logical-model.onco.oncoStatus.oncoStatusType","short":"режим стадирования (c yc p yp r) ","definition":"текст","min":0,"max":"1","base":{"path":"nu-logical-model.onco.oncoStatus.oncoStatusType","min":0,"max":"1"},"type":[{"code":"CodeableConcept"}]},{"id":"nu-logical-model.onco.oncoStatus.oncoStatusTumor","path":"nu-logical-model.onco.oncoStatus.oncoStatusTumor","short":"T (tumor) — распространённость первичной опухоли","definition":"текст","min":0,"max":"1","base":{"path":"nu-logical-model.onco.oncoStatus.oncoStatusTumor","min":0,"max":"1"},"type":[{"code":"CodeableConcept"}]},{"id":"nu-logical-model.onco.oncoStatus.oncoStatusNodus","path":"nu-logical-model.onco.oncoStatus.oncoStatusNodus","short":"N (nodus) — наличие метастазов в регионарных лимфатических узлах","definition":"текст","min":0,"max":"1","base":{"path":"nu-logical-model.onco.oncoStatus.oncoStatusNodus","min":0,"max":"1"},"type":[{"code":"CodeableConcept"}]},{"id":"nu-logical-model.onco.oncoStatus.oncoStatusMetastasis","path":"nu-logical-model.onco.oncoStatus.oncoStatusMetastasis","short":"M (metastasis) — наличие отдалённых метастазов","definition":"текст","min":0,"max":"1","base":{"path":"nu-logical-model.onco.oncoStatus.oncoStatusMetastasis","min":0,"max":"1"},"type":[{"code":"CodeableConcept"}]},{"id":"nu-logical-model.onco.oncoStatus.oncoStatusMisc","path":"nu-logical-model.onco.oncoStatus.oncoStatusMisc","short":"дополнительные классификации GLVR","definition":"текст","min":0,"max":"*","base":{"path":"nu-logical-model.onco.oncoStatus.oncoStatusMisc","min":0,"max":"*"},"type":[{"code":"CodeableConcept"}]},{"id":"nu-logical-model.evidence","path":"nu-logical-model.evidence","short":"Дополнительные классификаторы и параметры","definition":"текст","min":0,"max":"*","base":{"path":"nu-logical-model.evidence","min":0,"max":"*"},"type":[{"code":"string"}]}]},"differential":{"element":[{"id":"nu-logical-model","path":"nu-logical-model","short":"Нозологическая единица","definition":"Логическая модель нозологической единицы"},{"id":"nu-logical-model.clinicalStatus","path":"nu-logical-model.clinicalStatus","short":"Статус нозологической единицы в соответствии с механизмом переходов статусов (активная нозологическая единица: установленная впервые в жизни, установленная повторно: рекуррентное заболевание, рецидив заболевания; неактивная нозологическая единица: снятая(отменённая), перенесённое заболевание, ремиссия заболевания)","definition":"текст","min":0,"max":"1","type":[{"code":"CodeableConcept"}]},{"id":"nu-logical-model.episodicity","path":"nu-logical-model.episodicity","short":"Заболевание установлено впервые в жизни или повторно (рецидивы и рекуррентные заболевания).","definition":"текст","min":0,"max":"1","type":[{"code":"CodeableConcept"}]},{"id":"nu-logical-model.course","path":"nu-logical-model.course","short":"Характер заболевания (острое, хроническое).","definition":"текст","min":0,"max":"1","type":[{"code":"CodeableConcept"}]},{"id":"nu-logical-model.evidence","path":"nu-logical-model.evidence","short":"Подтверждение нозологической единицы","definition":"текст","min":0,"max":"1","type":[{"code":"BackboneElement"}]},{"id":"nu-logical-model.evidence.evidenceStatus","path":"nu-logical-model.evidence.evidenceStatus","short":"Статус подтверждения нозологической единицы: подозреваемое (предварительное), подтвержденное, опровергнутое.","definition":"текст","min":0,"max":"1","type":[{"code":"CodeableConcept"}]},{"id":"nu-logical-model.evidence.evidenceDate","path":"nu-logical-model.evidence.evidenceDate","short":"Дата установления нозологической единицы (предлагается системой, возможно изменение во временных рамках, определяемых текущим функциональным профилем модуля).","definition":"текст","min":0,"max":"1","type":[{"code":"dateTime"}]},{"id":"nu-logical-model.code","path":"nu-logical-model.code","short":"Код (шифр) заболевания по справочнику МКБ-10.","definition":"текст","min":0,"max":"1","type":[{"code":"CodeableConcept"}]},{"id":"nu-logical-model.code.codeQualification","path":"nu-logical-model.code.codeQualification","short":"Уточнение нозологических форм по синонимам и/или клиническим расширениям МКБ-10 (ICD10-CM)","definition":"текст","min":0,"max":"*","type":[{"code":"CodeableConcept"}]},{"id":"nu-logical-model.site","path":"nu-logical-model.site","short":"Локализация заболевания","definition":"текст","min":0,"max":"*","type":[{"code":"CodeableConcept"}]},{"id":"nu-logical-model.relationship","path":"nu-logical-model.relationship","short":"Взаимоотношение добавляемой нозологической единицы с другими, уже присутствующими в диагнозе","definition":"текст","min":0,"max":"*","type":[{"code":"Reference","targetProfile":["http://docs.miramedix.ru/fhir/IG//StructureDefinition/nu-logical-model"]}]},{"id":"nu-logical-model.clinicalDescritpion","path":"nu-logical-model.clinicalDescritpion","short":"Клиническая формулировка, выбранная лечащим врачом ","definition":"текст","min":0,"max":"1","type":[{"code":"string"}]},{"id":"nu-logical-model.onco","path":"nu-logical-model.onco","short":"Онкологический профиль","definition":"текст","min":0,"max":"1","type":[{"code":"BackboneElement"}]},{"id":"nu-logical-model.onco.oncoHist","path":"nu-logical-model.onco.oncoHist","short":"Указание гистологического типа новообразования, подтвержденного патологоанатомом, и его шифр по справочнику МКБ-О","definition":"текст","min":0,"max":"1","type":[{"code":"CodeableConcept"}]},{"id":"nu-logical-model.onco.oncoStatus","path":"nu-logical-model.onco.oncoStatus","short":"Указание актуального состояния опухолевого процесса по системе TNM","definition":"текст","min":0,"max":"1","type":[{"code":"BackboneElement"}]},{"id":"nu-logical-model.onco.oncoStatus.oncoStatusType","path":"nu-logical-model.onco.oncoStatus.oncoStatusType","short":"режим стадирования (c yc p yp r) ","definition":"текст","min":0,"max":"1","type":[{"code":"CodeableConcept"}]},{"id":"nu-logical-model.onco.oncoStatus.oncoStatusTumor","path":"nu-logical-model.onco.oncoStatus.oncoStatusTumor","short":"T (tumor) — распространённость первичной опухоли","definition":"текст","min":0,"max":"1","type":[{"code":"CodeableConcept"}]},{"id":"nu-logical-model.onco.oncoStatus.oncoStatusNodus","path":"nu-logical-model.onco.oncoStatus.oncoStatusNodus","short":"N (nodus) — наличие метастазов в регионарных лимфатических узлах","definition":"текст","min":0,"max":"1","type":[{"code":"CodeableConcept"}]},{"id":"nu-logical-model.onco.oncoStatus.oncoStatusMetastasis","path":"nu-logical-model.onco.oncoStatus.oncoStatusMetastasis","short":"M (metastasis) — наличие отдалённых метастазов","definition":"текст","min":0,"max":"1","type":[{"code":"CodeableConcept"}]},{"id":"nu-logical-model.onco.oncoStatus.oncoStatusMisc","path":"nu-logical-model.onco.oncoStatus.oncoStatusMisc","short":"дополнительные классификации GLVR","definition":"текст","min":0,"max":"*","type":[{"code":"CodeableConcept"}]},{"id":"nu-logical-model.evidence","path":"nu-logical-model.evidence","short":"Дополнительные классификаторы и параметры","definition":"текст","min":0,"max":"*","type":[{"code":"string"}]}]}}