{"resourceType":"ValueSet","id":"mmdx-vs-stagingsystem","text":{"status":"generated","div":"<div xmlns=\"http://www.w3.org/1999/xhtml\"><ul><li>Include all codes defined in <code>http://cancerstaging.org</code></li></ul></div>"},"url":"http://miramedix.ru/fhir/ValueSet/mmdx-vs-stagingsystem","version":"0.1.0","name":"Mmdx_vs_stagingsystem","title":"Системы стадирования","status":"active","date":"2021-12-21T13:45:48+03:00","description":"Системы стадирования.","compose":{"include":[{"system":"http://cancerstaging.org"}]}}