{"resourceType":"ValueSet","id":"nsi-vs-1-2-643-5-1-13-13-99-2-778","text":{"status":"generated","div":"<div xmlns=\"http://www.w3.org/1999/xhtml\"><ul><li>Include all codes defined in <a href=\"CodeSystem-nsi-cs-1-2-643-5-1-13-13-99-2-778.html\"><code>https://nsi.rosminzdrav.ru/#!/refbook/1.2.643.5.1.13.13.99.2.778</code></a></li></ul></div>"},"url":"http://fhir.ru/fhir/ValueSet/nsi-vs-1-2-643-5-1-13-13-99-2-778","version":"0.1.0","name":"Nsi_vs_1_2_643_5_1_13_13_99_2_778","title":"Латеральность [все значения]","status":"active","date":"2022-04-27T17:36:36+03:00","description":"'Латеральность'  \n[набор из всех значений системы кодирования]","compose":{"include":[{"system":"https://nsi.rosminzdrav.ru/#!/refbook/1.2.643.5.1.13.13.99.2.778"}]}}