{"resourceType":"ValueSet","id":"nsi-vs-1-2-643-5-1-13-13-11-1066","text":{"status":"generated","div":"<div xmlns=\"http://www.w3.org/1999/xhtml\"><ul><li>Include all codes defined in <a href=\"CodeSystem-nsi-cs-1-2-643-5-1-13-13-11-1066.html\"><code>https://nsi.rosminzdrav.ru/#!/refbook/1.2.643.5.1.13.13.11.1066</code></a></li></ul></div>"},"url":"http://miramedix.ru/fhir/ValueSet/nsi-vs-1066","version":"0.1.0","name":"Nsi_vs_1_2_643_5_1_13_13_11_1066","title":"Номенклатура специальностей специалистов, имеющих медицинское и фармацевтическое образование [все значения]","status":"active","date":"2022-02-21T10:46:18+03:00","description":"'Номенклатура специальностей специалистов, имеющих медицинское и фармацевтическое образование'  \n[набор из всех значений системы кодирования]","compose":{"include":[{"system":"https://nsi.rosminzdrav.ru/#!/refbook/1.2.643.5.1.13.13.11.1066"}]}}