<?xml version="1.0" encoding="UTF-8"?>

<Bundle xmlns="http://hl7.org/fhir">
  <id value="miramedix-demo-bundle-org-instance-lob"/>
  <meta>
    <profile value="http://miramedix.ru/fhir/StructureDefinition/miramedix-demo-bundle-org"/>
  </meta>
  <type value="collection"/>
  <entry>
    <fullUrl value="urn:uuid:6873053d-d859-4ef2-a013-17a6fa1803f2"/>
    <resource>
      <Organization>
        <id value="6873053d-d859-4ef2-a013-17a6fa1803f2"/>
        <meta>
          <profile value="http://miramedix.ru/fhir/StructureDefinition/miramedix-demo-organization-division"/>
        </meta>
        <text>
          <status value="generated"/><div xmlns="http://www.w3.org/1999/xhtml"><p><b>Generated Narrative</b></p><p><b>identifier</b>: id: urn:oid:1.2.643.5.1.13.13.12.2.50.11329.0.437329</p><p><b>name</b>: Центр амбулаторной онкологической помощи</p><p><b>address</b>: 142280, г. Люберцы, улица Назарова, д. 3</p><p><b>partOf</b>: <a href="#Organization_b8f3071b-1537-40a9-b092-044bdaf69b62">See above (Organization/b8f3071b-1537-40a9-b092-044bdaf69b62)</a></p></div>
        </text>
        <identifier>
          <system value="urn:ietf:rfc:3986"/>
          <value value="urn:oid:1.2.643.5.1.13.13.12.2.50.11329.0.437329"/>
        </identifier>
        <name value="Центр амбулаторной онкологической помощи"/>
        <address>
          <text value="142280, г. Люберцы, улица Назарова, д. 3"/>
          <city value="город Пущино"/>
          <district value="Серпуховской район"/>
          <state value="50"/>
          <postalCode value="142280"/>
        </address>
        <partOf>
          <reference value="Organization/b8f3071b-1537-40a9-b092-044bdaf69b62"/>
        </partOf>
      </Organization>
    </resource>
  </entry>
  <entry>
    <fullUrl value="urn:uuid:b8f3071b-1537-40a9-b092-044bdaf69b62"/>
    <resource>
      <Organization>
        <id value="b8f3071b-1537-40a9-b092-044bdaf69b62"/>
        <meta>
          <profile value="http://miramedix.ru/fhir/StructureDefinition/miramedix-demo-organization"/>
        </meta>
        <text>
          <status value="generated"/><div xmlns="http://www.w3.org/1999/xhtml"><p><b>Generated Narrative</b></p><p><b>identifier</b>: id: urn:oid:1.2.643.5.1.13.13.12.2.50.11329, id: 1195027016480</p><p><b>name</b>: ГОСУДАРСТВЕННОЕ БЮДЖЕТНОЕ УЧРЕЖДЕНИЕ ЗДРАВООХРАНЕНИЯ МОСКОВСКОЙ ОБЛАСТИ "ЛЮБЕРЕЦКАЯ ОБЛАСТНАЯ БОЛЬНИЦА"</p><p><b>address</b>: 140006, Московская область, г.Люберцы, Октябрьский проспект, д.338</p></div>
        </text>
        <identifier>
          <system value="urn:ietf:rfc:3986"/>
          <value value="urn:oid:1.2.643.5.1.13.13.12.2.50.11329"/>
        </identifier>
        <identifier>
          <system value="urn:oid:1.2.643.100.1"/>
          <value value="1195027016480"/>
        </identifier>
        <name value="ГОСУДАРСТВЕННОЕ БЮДЖЕТНОЕ УЧРЕЖДЕНИЕ ЗДРАВООХРАНЕНИЯ МОСКОВСКОЙ ОБЛАСТИ &quot;ЛЮБЕРЕЦКАЯ ОБЛАСТНАЯ БОЛЬНИЦА&quot;"/>
        <address>
          <text value="140006, Московская область, г.Люберцы, Октябрьский проспект, д.338"/>
          <city value="г. Люберцы"/>
          <district value="городской округ Люберцы"/>
          <state value="50"/>
          <postalCode value="140006"/>
        </address>
      </Organization>
    </resource>
  </entry>
</Bundle>