<?xml version="1.0" encoding="UTF-8"?>

<CodeSystem xmlns="http://hl7.org/fhir">
  <id value="nsi-cs-1-2-643-5-1-13-13-99-2-778"/>
  <text>
    <status value="generated"/><div xmlns="http://www.w3.org/1999/xhtml"><p>This code system https://nsi.rosminzdrav.ru/#!/refbook/1.2.643.5.1.13.13.99.2.778 defines the following codes:</p><table class="codes"><tr><td style="white-space:nowrap"><b>Code</b></td><td><b>Display</b></td></tr><tr><td style="white-space:nowrap">1<a name="nsi-cs-1-2-643-5-1-13-13-99-2-778-1"> </a></td><td>Слева</td></tr><tr><td style="white-space:nowrap">2<a name="nsi-cs-1-2-643-5-1-13-13-99-2-778-2"> </a></td><td>Справа</td></tr><tr><td style="white-space:nowrap">3<a name="nsi-cs-1-2-643-5-1-13-13-99-2-778-3"> </a></td><td>С двух сторон</td></tr></table></div>
  </text>
  <url value="https://nsi.rosminzdrav.ru/#!/refbook/1.2.643.5.1.13.13.99.2.778"/>
  <identifier>
    <system value="urn:ietf:rfc:3986"/>
    <value value="urn:oid:1.2.643.5.1.13.13.99.2.778"/>
  </identifier>
  <version value="1.1"/>
  <name value="Nsi_cs_1_2_643_5_1_13_13_99_2_778"/>
  <title value="Латеральность"/>
  <status value="active"/>
  <date value="2022-04-27T17:36:36+03:00"/>
  <contact>
    <name value="см. паспорт справочника на ФНСИ"/>
    <telecom>
      <system value="email"/>
      <value value="см. паспорт справочника на ФНСИ"/>
    </telecom>
  </contact>
  <description value="Справочник ФНСИ:  &#xA;&#39;Латеральность&#39;  &#xA;версия &#39;1.1&#39;  &#xA;[1.2.643.5.1.13.13.99.2.778](https://nsi.rosminzdrav.ru/#!/refbook/1.2.643.5.1.13.13.99.2.778/version/1.1)"/>
  <content value="complete"/>
  <count value="3"/>
  <concept>
    <code value="1"/>
    <display value="Слева"/>
  </concept>
  <concept>
    <code value="2"/>
    <display value="Справа"/>
  </concept>
  <concept>
    <code value="3"/>
    <display value="С двух сторон"/>
  </concept>
</CodeSystem>