<?xml version="1.0" encoding="UTF-8"?>

<CodeSystem xmlns="http://hl7.org/fhir">
  <id value="nsi-cs-1-2-643-5-1-13-13-11-1077"/>
  <text>
    <status value="generated"/><div xmlns="http://www.w3.org/1999/xhtml"><p>This code system https://nsi.rosminzdrav.ru/#!/refbook/1.2.643.5.1.13.13.11.1077 defines the following codes:</p><table class="codes"><tr><td style="white-space:nowrap"><b>Code</b></td><td><b>Display</b></td></tr><tr><td style="white-space:nowrap">1<a name="nsi-cs-1-2-643-5-1-13-13-11-1077-1"> </a></td><td>Основное заболевание</td></tr><tr><td style="white-space:nowrap">2<a name="nsi-cs-1-2-643-5-1-13-13-11-1077-2"> </a></td><td>Осложнение основного заболевания</td></tr><tr><td style="white-space:nowrap">3<a name="nsi-cs-1-2-643-5-1-13-13-11-1077-3"> </a></td><td>Сопутствующее заболевание</td></tr><tr><td style="white-space:nowrap">4<a name="nsi-cs-1-2-643-5-1-13-13-11-1077-4"> </a></td><td>Конкурирующее заболевание</td></tr><tr><td style="white-space:nowrap">5<a name="nsi-cs-1-2-643-5-1-13-13-11-1077-5"> </a></td><td>Внешние причины заболеваемости и смертности</td></tr><tr><td style="white-space:nowrap">6<a name="nsi-cs-1-2-643-5-1-13-13-11-1077-6"> </a></td><td>Фоновое заболевание</td></tr><tr><td style="white-space:nowrap">7<a name="nsi-cs-1-2-643-5-1-13-13-11-1077-7"> </a></td><td>Осложнение сопутствующего заболевания</td></tr></table></div>
  </text>
  <url value="https://nsi.rosminzdrav.ru/#!/refbook/1.2.643.5.1.13.13.11.1077"/>
  <identifier>
    <system value="urn:ietf:rfc:3986"/>
    <value value="urn:oid:1.2.643.5.1.13.13.11.1077"/>
  </identifier>
  <version value="1.3"/>
  <name value="Nsi_cs_1_2_643_5_1_13_13_11_1077"/>
  <title value="Виды нозологических единиц диагноза"/>
  <status value="active"/>
  <date value="2022-03-10T17:36:05+03:00"/>
  <contact>
    <name value="см. паспорт справочника на ФНСИ"/>
    <telecom>
      <system value="email"/>
      <value value="см. паспорт справочника на ФНСИ"/>
    </telecom>
  </contact>
  <description value="Справочник ФНСИ:  &#xA;&#39;Виды нозологических единиц диагноза&#39;  &#xA;версия &#39;1.3&#39;  &#xA;[1.2.643.5.1.13.13.11.1077](https://nsi.rosminzdrav.ru/#!/refbook/1.2.643.5.1.13.13.11.1077/version/1.3)"/>
  <content value="complete"/>
  <count value="7"/>
  <concept>
    <code value="1"/>
    <display value="Основное заболевание"/>
  </concept>
  <concept>
    <code value="2"/>
    <display value="Осложнение основного заболевания"/>
  </concept>
  <concept>
    <code value="3"/>
    <display value="Сопутствующее заболевание"/>
  </concept>
  <concept>
    <code value="4"/>
    <display value="Конкурирующее заболевание"/>
  </concept>
  <concept>
    <code value="5"/>
    <display value="Внешние причины заболеваемости и смертности"/>
  </concept>
  <concept>
    <code value="6"/>
    <display value="Фоновое заболевание"/>
  </concept>
  <concept>
    <code value="7"/>
    <display value="Осложнение сопутствующего заболевания"/>
  </concept>
</CodeSystem>