<?xml version="1.0" encoding="UTF-8"?>

<ValueSet xmlns="http://hl7.org/fhir">
  <id value="core-vs-diagnosis-rubric-main"/>
  <text>
    <status value="generated"/><div xmlns="http://www.w3.org/1999/xhtml"><p>This value set includes codes based on the following rules:</p><ul/></div>
  </text>
  <url value="http://fhir.ru/core/vs/core-vs-diagnosis-rubric-main"/>
  <version value="0.1.0"/>
  <name value="CoreVsDiagnosisRubricMain"/>
  <title value="Рубрики диагноза - основные"/>
  <status value="active"/>
  <date value="2022-04-27T17:36:36+03:00"/>
  <description value="Рубрики диагноза - основные."/>
</ValueSet>