<?xml version="1.0" encoding="UTF-8"?>

<ValueSet xmlns="http://hl7.org/fhir">
  <id value="mmdx-vs-stagetype"/>
  <text>
    <status value="generated"/><div xmlns="http://www.w3.org/1999/xhtml"><ul><li>Include these codes as defined in <a href="http://loinc.org"><code>http://loinc.org</code></a><table class="none"><tr><td style="white-space:nowrap"><b>Code</b></td><td><b>Display</b></td></tr><tr><td><a href="http://details.loinc.org/LOINC/21908-9.html">21908-9</a></td><td>Stage group.clinical Cancer</td></tr><tr><td><a href="http://details.loinc.org/LOINC/21902-2.html">21902-2</a></td><td>Stage group.pathology Cancer</td></tr><tr><td><a href="http://details.loinc.org/LOINC/21914-7.html">21914-7</a></td><td>Stage group.other Cancer</td></tr></table></li></ul></div>
  </text>
  <url value="http://miramedix.ru/fhir/ValueSet/mmdx-vs-stagetype"/>
  <version value="0.1.0"/>
  <name value="Mmdx_vs_stagetype"/>
  <title value="Набор значений типов стадирования"/>
  <status value="active"/>
  <date value="2022-02-21T10:46:18+03:00"/>
  <description value="Набор значений для указания типов стадирования."/>
  <compose>
    <include>
      <system value="http://loinc.org"/>
      <concept>
        <code value="21908-9"/>
        <display value="Stage group.clinical Cancer"/>
      </concept>
      <concept>
        <code value="21902-2"/>
        <display value="Stage group.pathology Cancer"/>
      </concept>
      <concept>
        <code value="21914-7"/>
        <display value="Stage group.other Cancer"/>
      </concept>
    </include>
  </compose>
</ValueSet>