{
  "resourceType": "ValueSet",
  "id": "mmdx-vs-stagegroup",
  "text": {
    "status": "generated",
    "div": "<div xmlns=\"http://www.w3.org/1999/xhtml\"><ul><li>Include all codes defined in <code>http://cancerstaging.org</code></li></ul></div>"
  },
  "url": "http://miramedix.ru/fhir/ValueSet/mmdx-vs-stagegroup",
  "version": "0.1.0",
  "name": "Mmdx_vs_stagegroup",
  "title": "Набор значений стадий",
  "status": "active",
  "date": "2021-12-21T13:45:48+03:00",
  "description": "Набор значений стадий.",
  "compose": {
    "include": [
      {
        "system": "http://cancerstaging.org"
      }
    ]
  }
}